PC1,PC2,cell_type
0.39165581882737965,-0.3897977056338688,beta
1.3278394852245536,0.9296232914528734,beta
1.7892302628900993,-2.0257286449812404,beta
2.8107704473624984,-1.2265638416329765,beta
0.3156718656741226,-0.8837402216551035,beta
1.8123360970186304,-0.5409927181839217,beta
2.0193163316157423,-0.4252972280038521,beta
1.6246540296972463,0.7264006402801355,beta
1.2675226755289999,0.2682548411794395,beta
3.034364785902662,0.20689471333458354,beta
1.6510797813880385,-1.0692664591167336,beta
1.064536545377502,0.41190740047753954,beta
1.783224237112578,1.0561793588747947,beta
1.0914474416693822,0.627913634304547,beta
1.1876096604002238,-0.22733974379295202,beta
1.9851881169959358,-1.6754208891842013,beta
1.8429860942059657,0.7388228484955777,beta
0.7996478967674768,0.602945642302844,beta
1.4565511564219507,-0.9845526751280402,beta
1.6616363176288977,0.7857803789173768,beta
2.037495243120407,-1.6086779642987126,beta
0.9365746212408413,-1.7205506258208576,beta
1.4208274739521256,-0.9156920128796355,beta
1.70605879395515,-0.6531939232063384,beta
1.7800687626293032,-0.005626847789894636,beta
1.06832968394797,-1.9166997312276752,beta
0.49920772913496814,1.4400645791901339,beta
1.2669727612447264,0.1529034208071624,beta
1.1246205758014873,-0.4302360978168646,beta
1.7029232958040588,-1.3666125665577984,beta
1.1165621931169032,0.45163996904869097,beta
1.6338936539185513,0.30139254672015514,beta
0.8193949112169001,-1.7190239630264488,beta
1.5201099200874637,0.5331569702935799,beta
0.38264196466785055,1.483874740906763,beta
0.7416288490125134,-0.3783677317268464,beta
0.917154217972951,2.5780933297108404,beta
1.4061622067351853,0.6613528166811865,beta
1.579165119168691,0.019287491990861327,beta
1.1704283208552329,-0.688827776347321,beta
1.6043992081499372,0.5108131177111044,beta
1.17194927244041,-0.2055581188308765,beta
1.1775741577295553,-1.6420207705673926,beta
0.24438304596461694,1.533982517648731,beta
2.951164516695579,-1.36264312192376,beta
2.3919121929071316,-1.0778519102507471,beta
2.162609540605264,-1.408661168264366,beta
0.37149929142305765,0.03821668640912362,beta
1.5208030407167779,1.0257313871327591,beta
1.9959609762578532,-2.3075715774086105,beta
2.71067030431142,-1.2014804203686396,beta
0.47352683240822674,-0.7903858546348407,beta
1.5141601024582598,-0.5142105012431154,beta
1.9256568550076172,0.12725088998193287,beta
1.417285784775714,1.3185140903536814,beta
1.1110054577023558,0.06394119807394374,beta
2.5292791114817055,0.38165328441411406,beta
1.7572539265817135,-0.5430503272447356,beta
-0.21920074597421352,0.8644454767319751,beta
2.0756780468657827,0.1402809174953394,beta
0.6635213695768369,0.36949006450915917,beta
1.6129774052191914,-0.015940852493599236,beta
1.8121739391396983,-1.3923112478888369,beta
1.3535271567270004,0.7796659701884171,beta
0.5833607171164534,0.4796800181564069,beta
1.2099777286059703,-0.6714804620293683,beta
1.9346945910004336,0.7060638515985106,beta
2.0959020105990462,-0.9612990156062392,beta
0.5991214118945744,-1.5088834864690448,beta
1.4547645651621486,-0.18401645894866844,beta
1.5307772176991274,-0.6625540287966738,beta
1.9978000917866028,0.060963359943916356,beta
0.8654631928722042,-1.508145850642142,beta
0.24898777357821675,1.1322791946360629,beta
1.2440047759262405,0.6341611168025139,beta
0.30786418324383463,-0.11131617915990522,beta
1.2063887141221667,-0.9392062253772768,beta
1.0734104466119538,0.028020467896217212,beta
1.2348469595169256,0.6785065207454958,beta
0.4370668386213644,-1.3877015798165486,beta
1.4113837710853112,0.6129961488001268,beta
0.7019046748779495,1.1231995604208747,beta
0.22745499693379756,-0.6785776055716637,beta
1.721813346569941,2.193177613625891,beta
0.9144110370765156,0.7356607252098907,beta
1.174986692912293,0.4898297386512362,beta
1.1734057080582125,-0.38709695568935626,beta
1.5044133210931774,0.5549817017461717,beta
0.9179956444402559,-0.32601437196686617,beta
0.3439881777019439,-1.2456806146525305,beta
0.9578005935874669,1.7729477973835572,beta
2.7557547001534504,-1.428631018662714,beta
2.2986376982647556,-0.5456766435281374,beta
2.066433318457342,-0.814108362951881,beta
1.2234809693858861,0.19031862756589205,alpha
-1.7138414745457207,0.04448770727411742,alpha
0.8652819028221201,-0.5071257763119399,alpha
1.702833469693115,0.9753377018389072,alpha
0.7803558492423267,0.3623799579368686,alpha
-1.9398089535972374,0.2725013691672579,alpha
1.1313393969454104,-0.45309878516520913,alpha
1.2978952592319397,1.0185909063192504,alpha
-1.1654005003560903,-0.7108194454450438,beta
-0.710531649166266,-1.6388027466382884,beta
-0.8698089656097289,0.625565505602644,beta
-1.1583545097197832,-1.0261441142131753,beta
-2.2929786688478386,1.6729931771186095,beta
-2.35832187756214,1.1842063886018115,beta
-2.3599556149585688,0.42062745905335885,beta
-1.7753451869309778,-0.0950515579888694,beta
-1.8774007965156738,-0.38344412685738505,beta
-1.5571185669277874,-1.2212472226184525,beta
-1.2509354928668324,-1.5742918230464333,beta
-1.8425397730054005,-0.477818012104698,beta
-1.7917092111720954,-0.8459642427966471,beta
-1.5529467812921065,-1.150623584017021,beta
-0.8902651679266959,-1.556457151520687,beta
-0.9849929746020764,-0.8526490140282664,beta
-0.9436549727032342,-2.1050659053022334,beta
-1.7365652473671056,-1.4884328965337388,beta
-1.0641608333094341,-1.2556990657369382,beta
-2.583728732266698,-0.17297764973341045,beta
-1.0501292746425919,-2.639188567707123,beta
-2.283172184444978,-0.5310724227509017,beta
-2.179255911103394,0.20942710570793352,beta
-1.4374325488720459,0.15377738208806363,beta
-2.2258265513284834,-1.1963542323968863,beta
-1.6038530784311584,-1.330859461926939,beta
-2.0995497575495974,-0.3914239359552448,beta
-1.601385281917503,-1.194769474569763,beta
-1.5734825860906987,0.011958470886131627,beta
-0.5127510460890976,-0.982082871123788,beta
-0.4542942121276707,0.49430238819209943,beta
-1.8282847637529427,-1.6141429931871913,beta
-0.3044625873926174,-1.6445151712524237,beta
-0.9497156117028007,1.6567387668878626,beta
-1.4831310137593658,0.6858670958189049,beta
-0.374538774126065,-0.8952658225891785,beta
-0.868475345699579,0.6175291849129674,beta
-1.216047005867388,0.09130443436954831,beta
-2.2321227901069727,0.758487210164774,beta
-2.134700019726252,-1.4684494751504817,beta
-0.9856429269396791,0.7041614105512951,beta
-0.5935088902592625,-1.5472148770448524,beta
-1.2659577638042967,0.03204353939420359,beta
-1.8382703608908326,0.20203632093745558,beta
-0.6642079388107601,-1.0431425880752596,beta
-1.9860128499020253,-1.1440256065062127,beta
-1.8596805252637256,-0.20210602341055195,beta
-1.3574306478314926,-1.3019679079203,beta
-1.5600235223843892,1.5286448208708998,beta
-2.0423265193229305,-0.685076400261184,beta
-1.8609603866257411,-1.251859027267241,beta
-1.463561471554645,-0.3049084981897826,beta
-1.3268690627309945,-1.4082924283852238,beta
-0.7060312863308187,-1.49297693570125,beta
-0.8955974777478029,-2.0242652295002745,beta
-1.9750097020714192,-0.44527251413056457,beta
-2.4063742172862335,-1.2047056734189825,beta
-1.7011517560867795,-0.0979036268987004,beta
-2.307270995871425,-0.718666123028642,beta
-2.20660124932483,0.04819727320384338,beta
-2.3037669033978863,0.5449569284537716,beta
-1.4904487087127145,-1.4587127379917908,beta
-1.294109606455555,-1.798423447972733,beta
-1.4304662545495441,-1.0120039089674093,beta
-2.373974347544011,0.3482353148220848,beta
-1.7465742441358754,-0.22595501401943982,beta
-2.8798806275445963,0.5613563653707179,beta
-1.528620399966617,-1.784270149002645,beta
-1.4988949622943255,-0.8761226441646806,beta
-1.9915295714577124,-1.1909964266128206,beta
-1.7549741703980548,-1.0786371420694267,beta
-1.9579773976390633,-0.6996352223868073,beta
-0.689441297689091,-1.6719031634988533,beta
-0.8268395899901154,-0.22656958788417167,beta
-1.8978027772876556,0.47950214880346076,beta
-1.1297091565732995,0.11882122057087868,beta
-1.9669158763211967,-0.44795859741540045,beta
-1.3427897733618102,-0.27689496871205843,beta
-0.6205553805799104,-1.3949445684421238,beta
-2.216125832668176,0.38859649229195087,beta
-1.613103584408203,0.24216933605435276,beta
-1.5505575112679597,-1.4344802824774103,beta
-1.4187177155605728,-1.1878210832513103,beta
-1.9714636398276109,0.0844983511449385,beta
-2.405965972664602,0.12657039397405134,beta
-2.5145855134242643,-0.9472988826614266,beta
-0.7093953739841875,-1.0400270253204127,beta
-2.3793505940861666,0.47324043404761995,beta
-1.8058341594987668,0.03190862743699306,beta
-1.4817181845798388,-0.44536795490477094,beta
-1.2352412497242597,-2.3624811190653956,beta
-1.273505876909307,-0.4552572825510356,beta
-0.7275672516795051,1.007868497960791,beta
-1.8981549531381585,0.931064639749953,beta
-2.0264423145040764,-0.4596053036280269,beta
-2.054141554629086,0.29570393372461196,beta
-1.4550592118812338,-0.49006719219551287,beta
-1.9712815599966653,-1.0961708287544356,beta
-2.076329074445611,-0.5172897002230267,beta
-1.7423691744235605,-1.684932713013548,beta
-1.5580806289145928,-1.613162372602274,beta
-1.9720663184197738,-0.8114719458515347,beta
-2.35651565053341,0.4572444827923434,beta
-1.1679423798132023,-1.605909101282892,beta
-1.6810732984850887,-1.0050106799127114,beta
-1.9402052589399752,-0.2873622430433377,beta
-1.875091960249548,-1.9272784362958697,beta
-2.302879843391031,-0.4392749862538167,beta
-2.015210688634621,-1.4118242961279817,beta
-0.7669852186494504,-2.120242682976173,beta
-2.0702407368381315,-2.22626111929252,beta
-1.0189227297734291,-1.4347673875390006,beta
-1.1511104166947228,-1.233211877165576,beta
-1.5203719393708133,-0.9459101966186702,beta
-2.902727468222156,-1.4887092090168916,beta
-1.9677261535717565,-1.6159202394950682,beta
-1.6263239533496647,-2.582131577773853,beta
-1.9007307470848964,-0.6766309195793078,beta
-2.3956802153961325,-1.613222417539107,beta
-1.2700671315907042,-0.5535511099347089,beta
-1.977739377902991,-1.752503171204383,beta
-1.55721197032351,0.12640511608392477,beta
-1.782088914879152,-0.7371199009495859,beta
-2.436482829541157,-0.534373427478865,beta
-0.27126767876502206,-0.639134823530458,beta
-0.25395459445777135,-1.5777983236317639,beta
-1.6171425337523602,1.6848435366871055,beta
-1.7941376163832248,-1.1061591461789775,beta
-2.1167283880071777,2.2063164526107775,beta
-2.153816208955544,0.7735194299273158,beta
-0.8606562366672346,0.10423205702603011,beta
-2.427659072337266,-0.2057199064650731,beta
-2.1291726335233134,-0.014242539847377578,beta
-2.2550920908412317,-2.243511828144813,beta
-1.5625961305818383,-1.6013730715098793,beta
-2.1875021212620704,-0.6492264081297527,beta
-1.764162227379921,-1.2606779135513342,beta
-1.4381701642753328,-0.9396351590163484,beta
-1.0283544466653596,-1.2699969034578173,beta
0.10004452708757863,-0.3846863462269258,beta
-0.9010815506712749,-1.806655936246455,beta
-1.5416623548221209,-2.0437450786419027,beta
-1.418515147925838,-0.4918187482201223,beta
-2.858516088372085,-0.313850134161471,beta
-1.6784910353791274,-2.1764248005060476,beta
-2.047612791951225,-0.7829326544082134,beta
-1.3669102962825983,0.1687681619077893,beta
-2.403395115199562,0.1277413349661888,beta
-2.0407487951930197,0.6508572233301906,beta
-1.5372795671332369,-1.741125010012429,beta
-1.614082200015311,-0.13041639937120772,beta
-1.4231369244596357,-0.8602501396075666,beta
-1.5769901973367733,-1.76279080991399,beta
-1.6051934601053708,0.9713203058663213,beta
-1.3618593764363764,-0.4929818162696036,beta
-1.5190277661520197,-1.5801654522245168,beta
-0.6131032449599735,-1.538777023884123,beta
-1.908217036111163,0.3259723384810111,beta
-1.5975376271623116,-1.1306899603140104,beta
-0.7419346776494985,-1.805626552552358,beta
-1.5190655308160077,0.3539752877885055,beta
-1.2470275844067584,-1.3674363135685952,beta
-1.8424484428069365,0.7216479980352503,beta
-2.028081766103902,-1.162488157018221,beta
-1.0437860525848877,0.701643027024145,beta
0.06193833325289815,-1.337561997851307,beta
-1.2337420296058348,-0.09216681996465952,beta
-0.5771036286145429,0.1609118529494477,beta
-1.8075179274277025,-1.3181614042905219,beta
-1.9642686365059712,-0.979930896969171,beta
-1.9878768063820738,-0.25130597033923147,beta
-1.6934531818440788,-0.854020934687452,beta
-2.6347023153894495,1.2767524213682107,beta
-1.8954851080262352,1.8364659471144131,beta
-1.9279413411418034,-1.854293520464409,beta
-2.1180788587247656,-0.7990167219327058,beta
-1.6026359068706824,-1.3500588915946663,beta
-0.04678896149103847,-1.1766700127831036,beta
-1.1569824818127195,-2.1137942100885314,beta
-2.033612767921781,-0.101517528779177,beta
-2.2512873549017,-1.3784106129400817,beta
-1.6264741873318769,-0.15919296791694726,beta
-1.4501484395382238,-1.759131618759289,beta
-1.4649549900389751,-0.27105731478361555,beta
-2.6414699110270763,0.7538457177156342,beta
-1.2666740981028763,-1.6283682271426412,beta
-1.2749241078820275,-1.3047101818826774,beta
-0.9176496827176275,-1.0941438566066777,beta
-2.735149484808401,0.38725673068424477,beta
-1.983520679417229,-0.5096264914378335,beta
-2.9068116103710184,0.4596226296439377,beta
-1.6930984428910751,-2.2292476046563943,beta
-1.5670445667909338,-1.4923451438363935,beta
-1.415754965744226,-1.0519987416226537,beta
-1.108062395474273,-1.2862679022440526,beta
-1.7657816366211874,-0.775756994962511,beta
-0.8560076347752158,-1.1616085735171744,beta
-1.6289773376607406,-0.45638130275634425,beta
-2.5737443864941634,0.9688315379163582,beta
-1.7089877367406012,0.5964656508453973,beta
-2.4889990617908846,-0.6483867946431672,beta
-2.2672076337909783,-0.3664039275924871,beta
-0.5542119975443436,-1.9558703068620096,beta
-2.0112560201130867,0.23053638282076147,beta
-2.165271074565266,0.11390105661792777,beta
-1.260016338573175,-1.4374047327227937,beta
-1.9690703055658145,-1.2685863073925285,beta
-2.9375730775604865,0.07656720810192148,beta
-2.4331013811686097,0.42112287332530535,beta
-2.470449114183191,-1.0683421225977958,beta
-1.8887881298379032,-1.2843848568969385,beta
-3.023657754840643,0.48874208639732064,beta
-2.041812992989569,0.882615679236722,beta
-2.226662684078579,0.8124757620551144,beta
-1.4921073992543157,-1.349345458638347,beta
-1.3094770972186764,-0.6874698927972464,beta
-1.950704671152973,1.1538293127829538,beta
-1.7202442843374866,1.5447979653137243,beta
-1.9769557176330446,-0.4828248927728852,beta
-2.057543989959208,-0.12395392998458499,beta
-1.8208254922433094,-1.2102554220742576,beta
-1.657084330456466,-1.1188695191785603,beta
-2.189695329210055,-0.38237075256433806,beta
-1.8463746176879974,-1.0288069470699786,beta
-1.4670200627072618,-1.2601423924775368,beta
-2.372116641780478,-1.298918326512472,beta
-1.7159143289463143,-0.21052296343166568,beta
-1.7214715145727633,-2.263110838413002,beta
-1.979414923081365,-0.6591890787761511,beta
-1.432426937003901,-1.3087884886151606,beta
-1.6835219664351104,-2.089385478504952,beta
-2.534181328436597,-0.47135130981245166,beta
-1.9950763777205862,-0.7843138113291657,beta
-1.5561373523814241,-1.7454967393518457,beta
-2.31952493906918,-1.692387366146928,beta
-1.3225459672457982,-1.6632664203618988,beta
-1.0753314809204517,-1.2315278035301804,beta
-1.6333675869468618,-1.1696967123722657,beta
-2.5807192894060145,-1.874943711897341,beta
-2.2572031567071993,-1.6955048410409532,beta
-1.0256756465332297,-1.5763407589705383,beta
-1.7775965663093716,-0.6577692978488245,beta
-1.8143155775673567,-2.1111914103694027,beta
-2.8291014491714686,-1.047753893817104,beta
-2.296503187380196,-1.4987450328711311,beta
-2.440497008440734,-0.39099781689902174,beta
-1.7787726598289686,-1.4666379660265925,beta
-2.8984582776981167,-0.41534205641297695,beta
-2.2957286114120703,-0.15045546985125147,alpha
-2.1005253292543378,1.284651256059713,alpha
-2.310244335747815,-0.4007516639601277,alpha
-2.3767544728565184,-1.322214203184905,alpha
-2.5226294312913184,0.11994711153124349,alpha
-2.604596750032668,0.3372667232633339,alpha
-1.947254214156568,-0.5528413639026517,alpha
-1.9246629423173613,-0.26637446215762245,alpha
-2.0612625569986833,-0.8866603939839309,alpha
-1.5188936343419854,1.409127390548273,alpha
-2.136596577073149,-0.5338644583980253,alpha
-1.1548753828388882,-0.5004623636086037,alpha
-1.9983867219205218,-0.6071712044512495,alpha
-2.379024739640835,0.3003504752862946,alpha
-2.533245773102054,-0.13495914135098333,alpha
-2.109625965694945,0.09577416579136053,alpha
-1.8124324994158407,-0.3043479493375455,alpha
-1.4330962705752281,-1.0019696431521004,alpha
-1.6388008567385717,-2.497558457505401,alpha
-2.757251293729922,0.08982837766781768,alpha
-2.4506517391266747,-1.5063706990278114,alpha
-1.664347232029769,-0.7260733672850985,alpha
-2.545980197636051,-0.40638533227469087,alpha
-2.433126359159492,0.7672207403163602,alpha
-1.7902885334444771,0.18332846537644526,alpha
-1.9880272574478572,0.06171011301902469,alpha
-2.4650269181207745,0.2666649587769299,alpha
-2.072699867672052,0.581837938615424,alpha
-1.6635564602100832,-1.2830962230422363,alpha
-2.160798568200758,0.5511260349455929,alpha
-2.129500399434251,-0.012906835139442584,alpha
-2.511468957221169,-1.2824031947267145,alpha
-1.8683217006667217,-0.2579356707896585,alpha
-1.7986612843011356,-1.1027093534905128,alpha
-1.2732220740173452,-1.7082301230306034,alpha
-1.8599084153349343,-0.6099691207398402,alpha
-1.7845075607702774,0.262711420871478,alpha
-1.9928737831886811,0.9882403661887806,alpha
-2.6821841898386753,-1.297758088866602,alpha
-2.442301879354666,-0.6707080445603706,alpha
-1.8546394864804205,0.233840671944937,alpha
-2.3866253841201917,0.04277065582510066,alpha
-2.519835220595617,-1.0113019069417062,alpha
-2.573594463530586,-0.6483441628017841,alpha
-2.2873178283547784,-0.3109126913971749,alpha
-1.873944319466206,0.7824780498617958,alpha
-2.58612466560361,-1.2656276230751764,alpha
-1.73579580262431,-0.2855553300095671,alpha
-2.08480314551979,-1.0022004847721036,alpha
-2.0539067397955586,0.7056279292285151,alpha
-2.540902877579101,0.132274915465163,alpha
-3.0599271596762447,0.16408500347571658,alpha
-1.611077680834266,-0.20507489959887412,alpha
-1.5448217520226173,-0.7270172996861172,alpha
-0.8331558589040003,-1.4567968496322998,alpha
-2.779883934264622,-0.745451872715176,alpha
-2.1057965204119435,-1.012073485305635,alpha
-2.15566586496618,-0.3924871432172779,alpha
-1.5937642484681858,-0.16689958669353847,alpha
-2.3362925727049078,0.5927136253628821,alpha
-2.321560169251979,1.2415732466679759,alpha
-2.559643608704402,-0.34128344082219214,alpha
-2.087892365335166,0.0746509728458021,alpha
-2.764072591618692,0.17673377473119348,alpha
-1.182855866337265,-1.5039966052100342,alpha
-1.8419076826868057,0.03596932599186131,alpha
-2.09138693359171,-0.14002745295969668,alpha
-1.459475533520898,-1.0006494739408374,alpha
-2.2270545317192156,-0.3341969105787014,alpha
-1.9400012669945617,0.4619175530112661,alpha
-1.8688953523469602,-1.8375948075030177,alpha
-2.7729051181209536,-0.5949889795595351,alpha
-1.403529753651287,-1.6305437025144363,beta
-1.2802271742859945,1.242577446927705,beta
0.5084869218660072,-1.0921277008665187,beta
-0.19650658251012088,-0.43546688152687235,beta
-0.2308136066399759,-0.8036271488839397,beta
-0.4375136633829576,-1.0922786359056171,beta
-0.18617318775240596,-1.3629989733236156,beta
1.076748450108096,-2.389690186992692,beta
-0.20035067289691053,-2.1301876968399154,beta
-0.9285642500165548,0.21022392694288386,beta
-0.29895931374480317,-0.8976834185399558,beta
-0.42937666114296147,-1.5628401957635274,beta
0.2753588235533792,-0.09479884720038652,beta
-0.005692458578937518,0.5691629439506501,beta
0.42546262797261447,-2.115830599098649,beta
-0.01581560870535097,-0.6580088979812404,beta
-0.2664761083765075,-0.29449674325941644,beta
-1.2575969660172628,-1.6912025139854279,beta
-2.9275860644793497,1.176644265795457,beta
-1.4744632089787644,-0.5812246229579109,beta
-1.7276993561920675,-0.4422393468649163,beta
0.1643491927948736,-1.7935579284001966,beta
-1.3964501521935107,-0.061021825990345044,beta
-0.3302314066041679,-1.2045769124783956,beta
-0.20714905549274173,-1.5620465853616554,beta
-0.5964597369163587,-0.5035713877124101,beta
-1.7175906775996042,-0.43077010098300805,beta
-2.021456139256438,0.447798083420102,beta
-0.684472823172545,-1.6190927409942575,beta
-1.883901716593819,-0.7587688764207591,beta
-2.4409198193923314,-1.3743392994987431,beta
-1.731262475661997,-1.5379550523755057,beta
-0.4307201855585731,-0.9077425716246087,beta
-1.0991488199460113,-1.6647383108495184,beta
-2.698660652200854,0.6095606801893046,beta
-1.7464980228774938,-0.9374313491007068,beta
-1.4171859214045528,-1.6905505095670463,beta
-1.5756616880640042,-1.6235493613785803,beta
-0.5960892067420704,-1.4732856654947803,beta
-1.2056260421150038,1.7502800547705168,beta
-0.055284560314870675,-1.6648970448693008,beta
-0.2565245217140108,-1.2744455963036192,beta
-0.4583360469412231,-0.8095286364331666,beta
-0.05305867391269369,-1.7690009286728972,beta
-0.7245113369760727,-0.8706323706967056,beta
0.4081858700378675,-1.45611632264537,beta
0.5964305027808307,-2.044197514774999,beta
-1.689194691228335,1.0655553754428324,beta
-0.49460041843554803,-1.2143519248842307,beta
-0.4284367092960339,-0.8385023791464284,beta
-0.8435976493844157,-0.3603915153328656,beta
0.06824544877031812,0.2754798685829289,beta
0.7262599000809932,-1.2800636591094716,beta
-0.6219446547909476,0.33406635920731076,beta
-0.577314401958357,-0.46240517042820306,beta
0.131073526871295,-1.951953328891305,beta
-2.7499227444442815,1.467933516178369,beta
-1.5571457428863984,-0.6132396596571378,beta
-0.8057014178301425,-1.4383646470961464,beta
-0.8799245282336864,-1.091357384290563,beta
-1.5866294917344326,0.4293829445240877,beta
-0.08159716682766402,-1.1345574843962105,beta
-0.33109394443356926,-1.121717976362865,beta
-0.40902915324449163,-1.022518183611458,beta
-1.6585123557796524,-0.1935172932281167,beta
-2.274558532081308,0.23845535105217378,beta
-0.24190927862888298,-1.3891554472965149,beta
-2.146349578734706,-0.15309531409252644,beta
-2.025716411147985,-0.9408195839224789,beta
-1.7977110756930748,-0.4638209289766126,beta
0.2435813497102871,-0.5610689212024211,beta
-1.2227142252621899,-1.5109611511878611,beta
-2.409633627223936,0.4627578522794753,beta
-2.1688575838382635,-1.3939650086892483,beta
-1.5699001695771497,-1.380732925847578,beta
-1.839560624311923,-0.9148458074004708,beta
-1.3622793232144168,-1.6207503914116912,alpha
-1.093545563016247,-0.12824263192139726,alpha
-0.8970707483473395,-1.0309468511073703,alpha
-1.8225815420311589,0.9771461394980648,alpha
-1.325915622476312,0.9320960422692625,alpha
-3.1530070706008995,-0.36975270855759507,alpha
-3.0628606630612722,1.2615754084528452,alpha
-1.4114776289923157,-0.2838175469286525,alpha
-1.416427660658634,-0.3020902213647278,alpha
-2.789610461722581,0.16769077274198183,alpha
-2.805499382672743,1.0206579099261772,alpha
-1.970488719229235,-0.9331172376149581,alpha
-1.6727784250137459,-1.7895988742038533,alpha
-1.1973301800426819,-0.6280948717080491,alpha
-2.512074452540033,-0.019314095573798623,alpha
-0.8267777778300304,-1.1547175784248234,alpha
-1.52110404571145,-1.036732934389683,alpha
-1.5735015908334518,-0.5362241795994742,alpha
-1.76260218848004,1.478412921220367,alpha
-1.7464802519189822,-1.430631353691221,alpha
-2.201043523602689,-0.9814281896268614,alpha
-2.209097007756811,-0.9178490646528651,alpha
-1.7283261799958827,0.3232602156719487,alpha
-1.613440280078451,-1.233738923707971,alpha
-1.3932008022984224,-1.3678483152345011,alpha
0.12534493822656315,-2.5108150504717797,alpha
-1.4670812617792328,-0.007167403051939532,alpha
-1.862081187889706,-1.6069287152956964,alpha
-1.5847118814046264,-1.6064467764466641,alpha
-1.8297154599564311,-0.0036568205262625295,alpha
-1.5789530823979177,-1.096218114148987,alpha
-2.08276502627648,-0.29471559541263415,alpha
-0.8792510169350023,0.8841788668418261,alpha
-2.2669740895206694,0.5288243500937849,alpha
-2.490534026110378,1.009546666688394,alpha
-1.757789180919235,-0.3582727621348045,alpha
-1.6682637623665362,-0.6276899651415629,alpha
-2.3781788584294956,-0.44182683582390475,alpha
-2.4123382986688306,1.0868726352021887,alpha
-1.6393187527759012,-2.1293355668244187,alpha
-1.8201029069130885,-1.086640533262878,alpha
-1.2375323191574283,-0.18934184497480722,alpha
-1.8194488636997277,0.33737893479975,alpha
-0.8735211369618434,-0.826659217794133,alpha
-0.9828165077695245,-0.9739394567672464,alpha
-2.1532116162922135,-0.2408659113566206,alpha
-1.5811543194712905,-0.5708745534751523,alpha
-1.8968439728115836,-1.16295818463076,alpha
-1.9812770009366318,-0.5466974661004771,alpha
-1.9516152669719706,-0.5168494793736371,alpha
-1.757613614120895,-0.7651576324412294,alpha
-1.9896159496678691,-1.0604574426361952,alpha
-1.1207646561854165,-1.456584594688283,alpha
-0.42949095842660306,-2.1922807721922406,alpha
-2.1784149962744075,-0.6975034676518592,alpha
-1.913999843952265,-1.1334791360938798,alpha
-0.38791263966134265,-0.883117527075356,beta
-1.982758875678995,-0.6598667046578927,beta
-1.5564705509742682,0.26310935916175116,beta
-2.3993039156225606,-1.5790992732564821,beta
-1.5701431675602482,-1.9823938013583573,beta
-2.4161434235339585,0.13100549042727783,beta
-1.3301490044383435,-0.537156285258016,beta
1.43039930059658,-0.5820310140765359,beta
-1.534386864092294,-0.1749410195210647,beta
-0.9780047520263146,1.358860732611998,beta
-2.249343816976621,1.5172151856189757,beta
-0.7619784329266278,-1.4320457406774114,beta
-1.2685574805720023,-1.389062415933422,beta
-0.6009121561039819,-0.8669477682932198,beta
-1.3424543660163082,-0.6486708490881173,beta
-2.363136555842164,-0.740910173403266,beta
-1.9501578271245215,-1.053398913467128,beta
-1.3513464242209179,-0.6949894178924237,beta
-1.7398223327151416,-0.025421375488524398,beta
-0.7793418690213573,-1.007974437234497,beta
-2.0555438257784506,-0.4929743118667571,beta
-1.2585419235233444,-0.17637453374854414,beta
-2.185488390202137,1.906106646037606,beta
-1.6771245487331943,0.24513263541442498,beta
-1.0880677268921293,-1.2112452587337135,beta
-2.2870802946889794,-1.1711488087821593,beta
-1.9319275219462002,0.4351915222932779,beta
-1.482128832081934,-1.4840286289465399,beta
-1.4183019071688228,-1.2079290531165203,beta
-1.162580305006227,-0.37937324308695514,beta
-2.739735613608854,1.4513001349659354,beta
-1.2050691662318198,0.29251940974002905,beta
-1.3305336200388096,-1.6509496493517601,beta
-1.0665501589366708,0.18779733292942452,beta
-1.6511795695816827,-0.8307449415148619,beta
0.0072966472459378255,-0.6470945926396178,beta
-2.557787672868521,-0.05944489600592245,beta
-0.3117239110594243,-1.1406352719969381,beta
-2.0900290596304485,-0.7332849903908621,beta
-1.4249682079044186,0.5824621086044177,beta
-2.1778207830278116,-1.4202284519978579,beta
-1.8714630604534974,-1.4298060397392212,beta
-2.378893439942505,0.8358579468355644,beta
-1.4917477736011162,-0.2755935010520454,beta
0.613670007839971,-0.6670481077722732,beta
-2.146920678231992,0.6238414813821667,beta
-1.171088508401589,0.6601382719873778,beta
-2.719771500680492,0.3223451717124082,beta
-1.3054975561480955,-1.7843437431140714,beta
-1.1554166211212495,-1.422960653615446,beta
0.09736623281557587,-1.5299514073887146,beta
-1.1753614563307841,-0.5254101499556061,beta
-2.245103177982128,-0.34868995366148214,beta
-1.9075075946548201,-0.8621277988764409,beta
-1.5274395594002412,-0.7958421636344781,beta
-1.5031378373640443,-0.019667619757835094,beta
-0.8069765902427287,-0.7015035729280761,beta
-2.167994320319373,-0.03236912575740874,beta
-1.6334935805122164,-0.47666673841467166,beta
-2.339862199793915,1.933052062722373,beta
-1.9120743929954331,-0.4449515497834748,beta
-0.7835220336526606,-1.2430824348857101,beta
-2.3090606099658784,-0.620335522827049,beta
-2.0063053976983607,0.4835977368472446,beta
-1.5663568436220927,-1.4975927290543483,beta
-1.6329668031825202,-0.09550296623132817,beta
-1.1868073300774558,-0.3461436673411428,beta
-3.036157718404718,1.3795940924486865,beta
-1.666386634938721,1.0648398660335436,beta
-1.3562112669704876,-1.4653249378056934,beta
-1.247419432156746,0.21625519464803536,beta
-1.59260917636624,-0.6769138540065549,beta
-0.20614199648823017,0.35744071603768307,beta
-2.741442872776813,0.1229007878266603,beta
-1.9733775470358563,0.15463489378201456,alpha
-1.5300245856216392,-0.8185768771442045,alpha
-1.933734116996521,-0.6519515020040546,alpha
-2.2045249602523405,0.25980330245738203,alpha
-2.115719870105512,0.059307288608454835,alpha
-2.5215220360101465,-0.04253879409337609,alpha
-2.7303265950975057,0.050402224125775705,alpha
-2.4162139096700557,0.5701716450599266,alpha
-1.187904264423221,-1.7406769631645536,alpha
-2.2080831842951385,0.0485805306724513,alpha
-2.767975917407225,-0.5189546471929967,alpha
-2.0810045043672103,0.820603418138061,alpha
-2.1887672667037275,-0.49683926364461933,alpha
-2.7075129769581765,-0.09989802014341614,alpha
-2.3427937075409475,0.3885198480509292,alpha
-1.2581191133975742,-0.7337784853738198,alpha
-2.0322924909359696,0.024996904688435736,alpha
-2.5590789815269686,-0.3478674674970237,alpha
-2.1720726160095016,-0.2324244021503692,alpha
-2.386967525221671,-1.0277989134184486,alpha
-1.919201953008399,-0.7592948227792106,alpha
-1.7230344150883528,-1.3293336809610572,alpha
-2.4942858979354865,0.312821576163413,alpha
-2.1219565734765276,-0.056279636608786474,alpha
-1.9796045386780596,0.08927279937927235,alpha
-2.3661525971226656,0.35384597570682735,alpha
-2.2587858355950763,0.2767731907717396,alpha
-2.4720772582470576,0.32581992170669904,alpha
-2.7571433483307786,0.02375959799340759,alpha
-2.657260584505276,0.9782843598503331,alpha
-1.8429517937714697,-1.6790292080387532,alpha
-2.062076675901606,0.3541475438274594,alpha
-2.4074034454838165,-1.1162740242805167,alpha
-2.177829014319906,1.3462525204408031,alpha
-2.5525635549193946,0.18156587874458535,alpha
-2.339824753033149,-0.1453240536100668,alpha
-2.1806803175605283,0.6347236060400555,alpha
-2.09767322154191,-0.3628448040800041,alpha
-1.7949655116292378,0.07548416542065525,alpha
-2.5381010974659075,0.5751926026971823,alpha
-2.023025278127422,0.14757798964780983,alpha
-2.1448828772453314,-1.0994239101511978,alpha
-2.327403105786684,-0.6365441192246002,alpha
-1.4423966801674921,-0.5750962706156789,alpha
0.1084732573085796,0.4077492094177986,beta
1.9612615862668126,-0.661125087437475,beta
1.6371494377445086,-1.4335674767343825,beta
0.1590188325495077,-0.5726032410413274,beta
-0.57558111753923,-0.7273291448971149,beta
0.32113940452627693,-0.8018795901512524,beta
-0.6427451867512136,-1.44485032273626,beta
0.04922381067330952,-1.7492102754448449,beta
0.06876474349058274,-0.9978622648777956,beta
0.6936796726447332,1.0866231116114615,beta
-0.13479549464050866,-1.8757773359742262,beta
0.030888979433119367,-0.588705672133295,beta
1.2987332300008463,-1.7312299610303974,beta
-0.1484597727519163,-0.8437946803656856,beta
0.7092196659336804,-2.1645929604505945,beta
-0.12804988806399686,-1.5767270998757341,beta
0.25912077334239986,-1.993335497253659,beta
1.06628039506539,-0.750899609771395,beta
0.7389014479873172,-0.5254767073095183,beta
2.4462962963727204,0.9957502738806762,beta
1.893092402553683,0.32958440165826514,beta
1.970972369451848,-1.5580135599811393,beta
3.4485207655170904,-1.7472067648611556,beta
0.264118457288301,0.5639891875820713,beta
1.4124413210591582,-1.7445720018870643,beta
1.3874290928806368,-0.5505872011123443,beta
0.8155610950960893,-0.5642639641869077,beta
0.11619398691341562,-1.4073939884927869,beta
-0.33432611469746815,-0.7472369859616024,beta
-1.2117851928812966,0.1347853364108423,beta
-1.208625457435729,-0.642213430688237,beta
0.8263095869288718,-1.147861147314985,beta
2.644331889916108,-1.5838857535091395,beta
1.870612768942471,-1.3910271490119113,beta
1.0594031721215682,-0.5965694308533106,beta
0.8446010626772248,-0.6002736863766791,beta
1.5071224828127439,-1.1403551118561788,beta
0.7508499668000727,-1.430336345211112,beta
0.18935898416496266,-0.3201086126616377,beta
2.092061587219159,-0.6782886384793242,beta
-1.1991836773273747,-0.13575727630908288,beta
-0.3204067608962656,-0.7086590934191915,beta
-0.23207362957451344,-0.09444562400668088,beta
0.3568226709468629,1.5127610792528583,beta
2.3270892633163536,-1.8180744320026245,beta
-0.6483950322425177,-0.2561628451753758,beta
1.8397643612355525,-1.3907957246091769,beta
-0.2599373387386289,-0.16264456627576762,beta
1.535086035946156,-2.1520097598354915,beta
0.06732325116707386,-1.6951649360217864,beta
0.32677280702104516,-1.2991525701980333,beta
0.6063670175686512,-1.0924445751839555,beta
2.0207006362567506,-0.48266068615910884,beta
1.1940065071033037,0.11196907466993282,beta
1.4421280453007552,1.7469483576882103,beta
1.6390858815908231,-1.034825779791976,beta
0.42352039782471357,-0.7304598771424899,beta
0.8040633479795554,1.5324160492275825,beta
2.9065462977721865,-1.9115301302563812,beta
2.729393019407616,-0.4953147317966678,beta
-1.9557053390409127,-0.3084151281213128,beta
0.35429217322218165,-1.1440373063278935,beta
0.34637573675665373,-1.421144898686629,beta
-1.509300926754934,-0.15266697129650983,beta
-1.4700159336240024,-1.2118555942605023,beta
0.2353292096749979,-0.4406854102491128,beta
-1.2630767909046554,-0.5957274937566626,beta
1.398545728853612,-0.6353131144599754,beta
-1.8460840859133754,0.7467727730714043,alpha
-1.1961570305084108,-0.7386887708745276,alpha
-1.8384434321294827,-0.7326002256362705,alpha
-1.8805725194773482,-0.663086780347893,alpha
-0.915770250049602,0.20630252197739796,alpha
-1.1298061710124245,0.02066958448361884,alpha
-1.980903531941749,1.410395958305005,alpha
-0.032068487365754704,-0.5356345256295841,alpha
-0.3758329445529377,-0.47856598508611564,alpha
-0.2170118016081212,-1.2329472702241873,alpha
-0.565300109539435,-1.01274647241129,alpha
-1.0558529593656467,-0.19570785433350818,alpha
-0.7947237581447656,-1.2688720884676745,alpha
-0.21471276331081407,0.3198544509917375,alpha
-1.5621194033058565,0.5143526022079513,alpha
-0.9076359086347464,-1.3888825273539112,alpha
-0.2857665099388575,-0.425312918878985,alpha
-1.4578022145286125,0.5321897233798204,alpha
-1.9711534118518266,0.6459480126037901,alpha
-1.816729550630121,0.4641018247363492,alpha
-0.9442182203167157,0.35103769749656927,alpha
-1.4281008432516735,0.20232662575641808,alpha
-1.905185453108389,-0.49977955102894916,alpha
-0.5365696902366633,0.7668368109893355,alpha
-1.3476003777195356,-0.1436262636499201,alpha
-2.4851244882236485,1.1501625508810513,alpha
-0.5410450407888409,0.3540611023287494,alpha
0.22713370459705906,0.007137955066924896,alpha
-0.7015286657440594,-0.06899986237519926,alpha
0.78458345275116,-0.9997272090787219,alpha
-0.4304611127203134,0.4128483278879157,alpha
-0.7767477058124364,-0.8497315891481056,alpha
-0.09973930120347436,-0.5249163730986784,alpha
-0.9286769682996412,1.3407793947965725,alpha
-1.235430328375207,-1.5678196171787977,alpha
0.3048384638765314,-0.9880886505536076,alpha
-0.6245650811675701,-2.6351225674763934,alpha
-2.6674216066242313,0.5960700120895382,alpha
0.502667484440892,-0.3214870299302629,beta
0.6734406389334179,0.5142259708568175,beta
-0.3208957486175313,-0.8652593215502347,beta
-0.7421220210820988,-0.43188797109293736,beta
-1.955396003335212,0.8312384157228822,beta
-1.2896133347752494,-0.4143416662611093,beta
-0.8617778071263815,-0.3293582868242859,beta
-0.5570930089394864,0.7780177525547275,beta
-0.1615218573900312,1.437049219007068,beta
0.8702264674506818,0.09349598788488735,beta
-0.35251509175009893,-0.4629964086206622,beta
-0.2678428918191534,1.6213946735986673,beta
-0.6497761919288315,1.4653722159934988,beta
-0.19640110004254224,-0.103051505734332,beta
-0.4752217656699143,1.2724737356287068,beta
-0.6059240484179146,-0.04060786543345007,beta
0.4397040551798307,-0.39530244537681,beta
-1.7678498023527556,0.5906538562718168,beta
-0.9266669857672121,-0.4121004960658239,beta
-0.7770216872257237,0.8769689077897537,beta
-0.29135561078117556,-0.7600286716490173,beta
-1.5925533754524692,0.673198999785151,beta
0.5721592596244659,-0.8685733110802548,beta
-0.46547404313519636,0.7834003676753888,beta
-0.019877859801912125,0.5873051160512185,beta
-1.234603087420402,-0.9702739521544357,beta
-0.4760439173592504,0.3533794361561698,beta
-1.1952973311517279,-0.6223212644887426,beta
0.4557078886720935,-0.2169877863835509,beta
0.6494928458583369,0.4023605475565243,beta
-0.2838234066126635,-0.8272344522172117,beta
-1.0006953605380593,-0.41724700622711214,beta
-2.0000704986573585,0.9226291720682251,beta
-1.0697352029236225,-0.1714239945197642,beta
-0.3603618066406403,-0.07144455927523781,beta
-0.6355980059516689,0.7562128743388962,beta
0.16226610626755605,1.9132823462010284,beta
0.5687789434006535,-0.10365041583279702,beta
-0.6990156084735487,-0.49722108257648434,beta
0.3241268064556973,1.0844655327092392,beta
0.45926391308272724,0.9144757926568647,beta
-0.7725163806509621,0.1497998756887417,beta
-0.6129981173902136,0.907996994990357,beta
-0.614743761532606,-0.03421304753831254,beta
-0.2961637323171052,-0.2543409155966053,beta
-1.6987989967319592,0.4487375824066876,beta
-1.1442559746309622,-0.16492706762680412,beta
-1.599069864080106,0.7087376545096601,beta
0.8057714221647168,-0.3713853755705954,beta
-2.111636477559523,0.2113827820085555,beta
-0.5500478412309617,-0.37805174640817146,beta
-0.1405336864757955,0.09755977843831257,beta
-0.1438121745188995,0.03801122395294698,beta
-1.4702410552935592,-0.4081988989136672,beta
-0.4453610819938014,0.9149523808773274,beta
-1.4634148036427979,-0.2752575637530484,beta
-1.3347762173184148,0.1422496974424178,alpha
-1.4698457497037145,0.17268697347770004,alpha
-1.3761454624101304,0.9265355702708157,alpha
-1.279979179445917,0.5250866560900769,alpha
0.13040405033620686,-0.5783845861518601,alpha
-0.3057775346092842,-0.8637966387627982,alpha
-0.6018167278180221,0.1157123110821667,alpha
-1.1008886603313848,0.3745257971306251,alpha
-1.3441061721775414,0.5048806149243045,alpha
-1.573908532323471,0.1952175704343782,alpha
-1.53455286448976,1.284492181167279,alpha
-1.3157384025885521,0.23229881303953465,alpha
0.3066023557552001,-0.47840271396084555,alpha
-0.8146686777949385,-0.24503836503884588,alpha
-0.36857229013357273,0.1588870250212719,alpha
-1.21691484676395,0.0955372352320512,alpha
-0.3602420777326543,0.2741939583626171,beta
2.4370752433285876,0.18712853737875057,beta
1.6508158593155462,2.365105376511728,beta
2.5543484708703206,0.9026664625453724,beta
1.1594192347846033,-0.6679895052950892,beta
0.2379964791849882,2.266185481576137,beta
2.842532994285099,0.42302613648512927,beta
2.5826836409657594,0.9863708643491762,beta
2.5810389963410056,0.4243356818996723,beta
2.2903440046748034,0.8800635211594087,beta
2.6002303139052834,0.7542335851956169,beta
2.244091535545782,1.002628552194142,beta
1.8314365980296536,0.6280509426884748,beta
1.2540194290583906,0.5043131926592175,beta
0.9193481475625414,0.5293124193665739,beta
1.3862079125864377,0.09064498157712028,beta
1.7361368555054337,1.1670223480519293,beta
0.31014803469309554,-0.9907472690285003,beta
2.779493229476354,-0.7379759316589346,beta
0.7691642780111068,0.3474392440408465,beta
0.31137712242625204,-0.03408469959941246,beta
0.8581429911774204,0.8927644894090092,beta
-0.42405615393071416,0.9851135040431077,beta
2.6215084123415826,0.4349409818860969,beta
2.3443600277129457,1.9421945450678397,beta
0.24140335050610903,2.1946918264062174,beta
2.8009481080316028,0.714801998904205,beta
-0.19536085655242194,1.1199197031913466,beta
2.837168908983235,1.0590336037159849,beta
2.2450880713280714,1.7514187415715385,beta
1.674536148820787,1.1958648505475995,beta
0.19572693496615318,1.7042470982530342,beta
1.1558110348614345,0.8311396556169793,beta
3.0632195491250673,1.4453388573830817,beta
2.146947163076971,-0.08515215432106382,beta
0.9904545497592151,1.0200964899176415,beta
0.24973946767195446,1.6456065775266715,beta
2.684082852154156,0.8912914209384984,beta
1.907105826857367,1.1716316840302017,beta
0.5288733646003141,-0.2408773417375064,beta
2.3669360399503403,0.3755921401319954,beta
1.117649557517834,0.6198847091522509,beta
0.6564090879095205,1.4518049454499453,beta
0.44319252106466545,1.153154299591678,beta
0.7592213721144808,0.8972611297396186,alpha
-0.12130186054797588,0.4048976085532174,alpha
1.662963125491635,1.0992980188672448,alpha
0.23638880285871355,1.9140290262536306,alpha
1.3956678246944292,0.8127124636862869,alpha
1.4159559848421261,1.2286055476345568,alpha
0.44032709672406006,2.354609371009296,alpha
-0.20257634557901943,1.6766857985445414,alpha
-0.22312257807224742,1.7249298049605981,alpha
0.06950520073291365,1.709364389104012,alpha
1.2439567303835137,0.7069202581758643,alpha
1.342808807245367,2.182470585206531,alpha
-0.3806729989634221,2.128186292386357,alpha
-1.19246193105728,1.0242096482743177,alpha
0.16499853127328326,1.9327472164889388,alpha
-0.19498473636541136,-0.16954247352516622,alpha
-1.2469894603520093,1.9129326069509422,alpha
-0.3395322896062875,-0.4009883152733561,alpha
-0.22366438425108467,1.9004003153631657,alpha
1.2006453949881588,-5.747556592299631e-05,alpha
-0.08502864733591761,-0.08176103424337491,alpha
1.3566468617421494,-0.5853935398702657,alpha
0.6895100804268991,0.30200969406689004,alpha
0.40401303460381427,0.9999164895957654,alpha
0.48831473487998844,-0.2509919007966418,alpha
0.7875673340422711,0.6990925910545703,alpha
-1.3654874316134258,1.1332243369240576,alpha
2.3164253940015502,0.3899423314245296,alpha
0.5314038872517889,1.5867995505757968,alpha
-0.014870360408813694,1.0304325779152157,alpha
1.1700838130876177,1.442507430021404,alpha
0.25047272278779464,1.3492132005508357,alpha
1.1076360571156958,1.3402464331162451,alpha
1.0989521221948257,1.1781508755243162,alpha
0.7685234319749269,2.668529642780355,alpha
0.8097637273622134,1.3914501762093228,alpha
0.865992241144883,2.0587654369195114,alpha
0.057310630911493854,1.7041451758966752,alpha
0.17912946695751053,2.144151901119405,alpha
1.5142744169705695,1.5837078263032358,alpha
1.2667888678636299,1.165005125760848,alpha
-0.14529805098630644,2.016281153468535,alpha
-0.9730302299199677,0.8625677941259207,alpha
0.17394142760706618,1.4346434910246197,alpha
-0.49529642007048125,1.0839291014628152,alpha
-0.9804828403545417,1.4249674728466861,alpha
-0.25308107766408355,0.8303085542997614,alpha
0.2632511404411584,1.8525397124241563,alpha
1.3810561106203882,0.0844927302974511,alpha
-0.6277706018034357,1.3546499636664804,alpha
1.4340862253102693,-0.26317466282200885,alpha
0.7846209614163091,-0.1998973125174928,alpha
1.3010970376216249,0.11803357114598506,alpha
1.0130032611390078,0.9792697184689438,alpha
1.1422034697756347,1.585550992048974,alpha
-0.864721616709783,1.331635128445461,alpha
1.9698576397376428,2.162958544137697,beta
3.0727191215384373,0.0357416342476525,beta
2.302708003686208,-0.39121415320820996,beta
1.0643863904856345,0.7904300794028291,beta
2.3391816099044584,0.5144025730202129,beta
2.7376637622665534,0.07859967808694295,beta
0.8958773364101211,-1.6604324516231999,beta
3.0439300509371217,0.13920550594671885,beta
3.173724322656631,0.4052774968227018,beta
3.6734633819851745,0.44227732194802966,beta
0.9117039123736324,-0.43567218663368035,beta
1.4625833962177368,-0.797857847344309,beta
1.2875251053434977,-0.4830382370772965,beta
1.2323322770388156,1.4383792184308908,beta
1.7510657786758876,0.238749851185951,beta
1.4051722142621015,-0.5597732133890829,beta
0.44674616035350395,0.39599480016650124,beta
2.3290515133337015,1.541079816019066,beta
1.0835850265658389,-1.5970844973235627,beta
2.019798434322574,-1.2557776136375514,beta
1.9584138594393707,2.016762575970691,beta
1.8564306153706616,0.511196005832257,beta
0.20090407464654972,2.0389403839966533,beta
2.8722756284304545,1.0643002007559834,beta
2.5446837862845344,1.0680339244056536,beta
0.9570207956040262,0.6872009420181389,beta
2.937527092693983,0.02138852668469555,beta
2.6491921465798844,1.2255694584971357,beta
1.1634746887550849,1.1790262661111013,beta
-0.06232394898484346,1.3825930085594558,beta
0.9051324209459255,1.0581600991058362,beta
0.7990948960663631,0.3659043076791671,beta
2.2952645720374703,-1.2989435841951136,beta
2.5312121525763516,-0.1592875768552599,beta
2.36933028245348,-0.13142758432610668,beta
2.369666648028838,-0.09457411216202564,beta
2.26542358141217,1.3003792773852692,beta
0.7135430609352922,1.1741532809179855,beta
1.657233098707347,0.4124054015605409,beta
1.892869683799532,-1.979344835286849,beta
2.7966067922838924,-1.3772795654873877,beta
1.0508020285506487,1.793775657054447,beta
2.3991968348130817,0.3644941350830432,beta
2.942378616175792,-1.2302611592942863,beta
2.482282525343932,0.0450831437078612,beta
2.0945428033220357,0.11832432708065387,beta
1.5097625865325346,0.4139664550187966,beta
0.9408062853361273,1.6962009038163701,beta
0.6601946221911313,2.268256663793008,beta
2.4399509248626963,-0.6661587400331643,beta
2.321793013993505,0.8469853496717524,beta
2.4926495177675276,-0.27645933961550967,beta
0.06586603692955124,1.5874981418918925,beta
-1.3619229944017335,0.6436811080442213,beta
0.5297062344047977,0.734003111100479,beta
2.8494126411721097,-1.7384357755983981,beta
1.340366966415488,1.0148943485892215,beta
-0.3574987232973618,1.8061363580915908,beta
2.2282860673084572,-0.5673136020433008,beta
-0.11191953085568518,-0.214675278087057,beta
-0.7532083713240881,2.233133647460771,beta
-0.9459201047279723,1.7104769706556584,beta
0.22289611508202736,1.265530878019769,beta
0.6639942971977589,0.2975309467129694,beta
2.041929866353104,1.7014663954799811,beta
2.324589174076644,0.6285264298040705,beta
3.546762895977699,0.20901970621278043,beta
1.1940691839773838,0.669312340243711,beta
1.439925383497188,0.8593518249419895,beta
2.429267595709835,0.2425557073445502,beta
1.7795234693039634,-1.4644208605739177,beta
2.843987911483551,0.8993286761440002,beta
3.1087956050194614,0.711259814462331,beta
2.910652059271575,1.011242276739905,beta
1.0636649537158664,-0.02146564838219514,beta
1.0128849904851254,-0.5387415168497505,beta
1.4814516636017159,0.23741850184970836,beta
1.5936737008915536,1.7011613606120366,beta
1.3830213452625972,0.3049486247718281,beta
1.675217950972616,-0.2775746980980682,beta
0.8178434387148565,0.6394664307243136,beta
2.453382791713545,1.721045525951299,beta
0.9305579725405878,-1.8174597952216625,beta
3.785006646308269,-1.4440486586018724,beta
1.4242966189897879,2.080226488158767,beta
2.214796470764696,0.9749470664063542,beta
0.4907752860561062,1.5998844355052806,beta
2.79286010723556,1.2334088982083324,beta
2.3429466965789207,1.593674093119282,beta
1.0300268276303763,1.1933663309844968,beta
2.180288064741134,0.031347290267951876,beta
2.2742974875286097,1.3735390167987895,beta
1.385596595420065,1.5365722566209858,beta
-0.07644501373934179,1.4986185973752948,beta
0.8367287988196261,1.5063495632105341,beta
1.9395785695251948,0.07864448883884383,beta
2.6841086264272507,0.3804954816285661,beta
2.116022468960215,0.03588557954373088,beta
2.064124114276467,0.46918645747976784,beta
2.400787514474608,0.45577135737938346,beta
1.9958115233438767,1.6270517247695706,beta
0.5267488770626088,1.6217991982376172,beta
3.353428622495871,0.5149588754460869,beta
3.635768025534119,-1.4673381666971506,beta
2.638493217435571,-1.1406445032487904,beta
0.9889221885926928,2.0373668178261144,beta
2.1988382053562376,-0.003406254375402674,beta
3.291081622289566,-0.7787589792983702,beta
2.2725420347476444,0.44610679393120345,beta
2.348626414559656,1.0170089426266213,beta
2.635418730855747,0.6616353076241555,beta
1.3475524116527093,1.4436743925916147,beta
0.1072082488416294,2.3046682608620004,beta
2.2590531328911156,-0.06499500426436004,beta
1.5360781254854396,0.5084381770627805,beta
2.58001300357295,0.701762978213843,beta
0.3714908969228771,1.6196956180094007,beta
-1.2144428446122426,1.3654659652689836,beta
-0.06864846881624488,1.5033881081370488,beta
2.3699236636067096,-0.787833202258337,beta
1.4434091989354705,1.2210810477060974,beta
-0.2518221116735761,1.863976954660106,beta
2.777449084497431,-0.01301676146976074,beta
0.02383538202392938,0.5752013177663099,beta
-0.26653114269542244,1.9734814128229103,beta
-0.7588233553166904,1.6259214797510442,beta
0.4393303586358137,1.2989866028360197,beta
2.208016322105391,0.253623746698354,beta
-0.5137844454818612,-0.973808910290211,alpha
-0.668750882402353,-0.1455086706367293,alpha
-0.8597571804133585,-0.06883805178402648,alpha
1.1943388161077457,-0.19363385053862725,alpha
-0.13837235084041583,0.07391188551936945,alpha
-0.32419473934480203,-0.7088906981062468,alpha
-0.008452238010659004,-1.2136595517435773,alpha
0.07351787700106169,0.0316358935375936,alpha
-0.015830601124674618,0.9359375355369837,alpha
-0.3140324459776369,-0.09460503760205893,alpha
-0.1490061443863367,0.06448736052307766,alpha
-1.3627185925582628,0.13498944005243307,alpha
0.6387313707758249,-0.13161556265075397,alpha
-0.11042199927846526,0.7961217029712097,alpha
0.4897678660548581,0.16662004241196124,alpha
0.4711590859323886,-0.01784060551432484,alpha
0.03772815729609348,-0.23675584127067822,alpha
0.6747667749535223,0.3925719039547626,alpha
0.20012553247574247,-0.6138919291124147,alpha
1.1318127780333,-0.4156627746879138,alpha
0.3829865444342423,-0.7971515695926981,alpha
0.8091440705055346,0.5785544464718902,alpha
0.3775060212511829,1.2473738601685667,alpha
2.7930503615026803,-0.27511119862939165,alpha
-1.1844963644919848,1.7138192867518236,alpha
-0.6249367753777184,-0.7406113554747017,alpha
-0.657968139270185,1.0670058102975062,alpha
0.5787258487294862,-0.8645285241759914,alpha
-0.1206007470410191,2.096075635202379,alpha
0.4897678660548581,0.16662004241196124,alpha
3.19328179980904,-1.6444269614093296,alpha
0.12272354839662543,0.9586208670075766,alpha
-0.20036740028264088,0.13997466692822766,alpha
0.3166235476862729,0.40051890199696694,alpha
0.96751794739723,0.3096576026816645,alpha
1.6679322890319066,1.3962040263410924,alpha
-0.4128581904749843,0.3254049238463037,alpha
-0.5130358845166074,0.8766554096107018,alpha
-0.9962288403604902,0.9891492528539035,alpha
1.9693619866348526,-0.34614244571203423,alpha
-0.4922838119937079,0.9119955638216376,alpha
-0.03741830618558393,-0.0017153952824371808,alpha
0.0011355056525162977,-0.16928375717708746,alpha
-0.08477372526190545,0.8760242247991821,alpha
0.03262190382936767,1.2319313840079638,alpha
-0.12052797906628387,0.6577131439117354,alpha
0.02447505135491664,0.47990685412624534,alpha
-0.9155513432152688,0.9757996830221018,alpha
0.19614303698544353,0.592658566765159,alpha
0.35996667495800283,0.9295079283551043,alpha
1.3404079285314903,0.4470160013418874,alpha
0.9148604012122193,0.825354171892115,alpha
0.21359238642881143,0.2378556033582467,alpha
0.6961030922735593,0.9507600549108944,alpha
0.1920981218434943,0.2715921489816314,alpha
1.1770619304199808,0.2617509554712207,alpha
0.39103119318766044,-0.06434596977194242,alpha
0.9586809196099082,0.8737374187414122,alpha
0.37187236883593056,1.2519546413052385,alpha
2.585613167264789,-0.25045912429998834,alpha
-0.5923644691210456,1.4484338596325472,alpha
-0.5672340468832796,0.06285647234334936,alpha
-0.5574762953921206,1.3328385586661762,alpha
1.1892701815768134,0.013661887527143353,alpha
0.26695831067037,2.1242470025337243,alpha
1.3404079285314903,0.4470160013418874,alpha
2.5529418420417427,-1.3225807377097387,alpha
0.2901498431007946,0.6274103395766043,alpha
0.055008176667612194,0.3294689863849487,alpha
0.4820421522455119,0.48040110389024393,alpha
1.251610126283326,0.2760749765338624,alpha
1.724311491200546,1.7530166229716875,alpha
1.9083331580730085,0.8523959260240922,beta
0.2367463367556152,1.8606448008306449,beta
-0.09210282506183223,1.4313633943952706,beta
2.3753596349933463,-0.4734657580325138,beta
2.0875192425713336,-0.49569324609043175,beta
2.252619190831292,0.07526684734252348,beta
1.5083963102156939,0.14694268508695907,beta
1.970721382582849,-0.33023235549361746,beta
0.9630016453431333,1.5520601132945817,beta
1.9473336951634492,0.5621304164745268,beta
1.2517089595884423,-0.8616256924990583,beta
1.2669770284320112,0.35962188409814866,beta
1.0937253750868847,0.6010006982983358,beta
1.6320739491301037,1.66714790289636,beta
1.0719963274501547,1.5643816927196101,beta
0.8229395590977742,1.558714006102969,beta
1.0269246525405542,-0.17636727237656183,beta
0.7846408068865363,2.3814447884931265,beta
1.5811116678029848,-0.8626417049092986,beta
3.2930924932827446,0.9098034095611455,beta
2.2827997239077154,1.206144222870041,beta
1.0245375208242007,0.5297400215002713,beta
2.452344533880349,-0.35083742230247916,beta
0.15219199492315708,2.215050878190174,beta
2.023578630052601,1.9292810669976523,beta
2.5847658601182646,0.6624206359264723,beta
1.2565873617576309,0.37670161369002436,beta
1.8100119648176902,-0.677260463830314,beta
1.9677922330436897,-0.4640534618551538,beta
1.3080551993527219,1.7651238306174883,beta
2.0638932439095434,-0.6272304025613505,beta
1.5971557220535055,0.43301573643646935,beta
0.21318991675784785,2.2415816756386193,beta
3.312455664385022,0.516743643868452,beta
1.0534090383592234,-0.2168574572995755,beta
0.0826793038822774,1.4149455301792841,beta
0.774175068138728,0.24382303342993875,beta
2.063883617941126,-1.1813367244496558,beta
0.9496124150861586,-0.6345385777543501,beta
2.961040964616053,-0.11779757932766738,beta
3.103546070663627,1.3440581482708787,beta
1.9547044429012512,1.9024973385398676,beta
2.162904817692915,-1.0104122993405835,beta
0.10189982572485407,-0.026025958125087855,beta
0.9920025098288932,1.7113532512735905,beta
3.1609999852441457,-0.5834586233244341,beta
2.463588543748641,0.41488695190335767,beta
1.0950257465313522,0.5500916552039901,beta
1.1485519532533268,-0.2547808106225341,beta
2.469840948898436,0.8569248647600093,beta
1.2993251009604903,1.4743469912703866,beta
1.064333231717381,0.38782826469310266,beta
2.6807459375508014,-0.6546034246270638,beta
2.179236939508524,-1.0145954534639918,beta
0.9852251003509072,0.7491770567519672,beta
1.6844001507947821,1.0251686687578891,beta
2.0174046321180774,0.15883949744966433,beta
2.0623993818865345,1.2945973342347217,beta
0.35176831558618377,0.06072761611403398,beta
0.053218666086239944,-0.41277220905156087,beta
-0.33972746911173773,-0.30746750676124873,beta
0.9720339800355593,0.8884318513008979,beta
1.5194387003058394,1.0801398609405368,beta
1.3910625509614942,1.6271070313593687,beta
-0.20417823219523476,0.30929027162196765,beta
1.1762231524630753,1.6617220592864246,beta
2.1673523849605396,0.3176838903691787,beta
1.983512354576735,-0.3635732054902351,beta
2.4361623992340995,0.6951024682857794,beta
2.1788620255544138,1.1719234143794115,beta
3.0697127022185455,0.058469650081144346,beta
0.4164936569468533,0.4342254914128303,beta
1.6309925435987231,0.438713273235554,beta
0.25906366882110093,2.325335551837143,beta
2.508538961250821,0.5304329934627359,beta
2.091358376045894,0.43859455837985234,beta
1.8964374882744732,0.3197309357075375,beta
1.7061217685558692,-0.5178087249614944,beta
0.6851019403825,1.496021271498993,beta
0.1288238863516992,-0.909729790142379,beta
1.3719891901798518,0.5222001362023886,beta
-0.04779931881721548,1.8137805918854697,beta
2.5446358533239586,0.13454828736331279,beta
1.034312430888784,0.20213753268342496,beta
0.6737282643272341,0.6609863211874267,beta
1.0328746176619261,0.1344313908789193,beta
1.4249928927034408,0.49905170614095584,beta
1.1138154183442586,-0.8278797416516347,beta
2.2126972331548935,0.07166725026411282,beta
2.5313201353979853,1.147342237340306,beta
-0.1314596600066617,1.6922163563797106,beta
1.6319552032408182,-0.3692994169447161,beta
1.1630032796538676,-0.2631373700277633,beta
-0.09413566644733773,1.8970604535215332,beta
2.027987771065285,-0.47811184761048997,beta
-0.13854408655138248,1.378105430386624,beta
0.0846816150422362,0.8399037367723877,beta
0.2657555331840261,1.8447848593966725,beta
1.0005975984007716,1.490530100036678,alpha
-0.41254058572172614,1.440558009050306,alpha
-0.0011665944488610026,1.8307627626608198,alpha
0.5511712263136227,0.7389665964265123,alpha
0.7834773538723222,1.2920013551774137,alpha
-0.028465947552410074,0.5971889865534914,alpha
0.8563602847643131,1.1394426914924674,alpha
2.8037439861945597,-0.5631977661570886,alpha
0.9239240658007568,-0.07278166034705236,alpha
1.7764358106270786,0.1258557276691448,alpha
0.4495811688912422,1.788924390624808,alpha
-0.31773149493715735,1.6004174732761027,alpha
2.2549946693283762,-0.6385682371035075,alpha
1.6441323733311874,0.5861393930792018,alpha
1.0759136720533884,1.5730270721606203,alpha
0.8530244326155686,1.8664317490989257,alpha
1.9223566829560992,-0.26354658486562565,alpha
2.1993663622083117,0.1500819315626552,alpha
0.911968726100856,1.0332769570602658,alpha
2.946698013260729,1.0537930543938965,alpha
2.1074919479337964,0.585001343455285,alpha
1.5728946289519627,-0.040848882869494056,alpha
2.4427652555771573,-0.3855191039516359,alpha
2.13832887488329,-1.266812502945044,alpha
1.6646862542400302,-0.19176257865882557,alpha
1.423505767323861,0.44575081747515727,alpha
1.2899011792093487,0.10864893194117563,alpha
0.39602080396310096,1.1466625051839603,alpha
1.0585443370098961,1.573315354257739,alpha
1.0475113784811523,-0.4909554792246723,alpha
1.9002349551417788,0.9936445466800097,alpha
0.6117806690639889,1.2227672001834629,alpha
2.1838157348733245,-0.15020542325695743,alpha
-1.2741073570665478,1.4519614864727803,alpha
0.9197550116893022,0.7712588942119692,alpha
3.59874105187461,1.1798803613591988,alpha
2.259774924743711,0.3463783465207491,alpha
2.0706343552546627,0.5109619044184891,alpha
2.1876019941832814,0.2336610058422518,alpha
1.1322676941489926,0.7221451192065007,alpha
0.889665852605859,1.796625062321724,alpha
1.1670444209585098,1.7864654085003286,alpha
0.1660931096059158,2.0204547653714178,alpha
1.2515554906733093,0.7386400491391888,alpha
1.0540849236682892,1.412004089323643,alpha
-0.02046206209325114,2.1197850569357115,alpha
0.5303072662030853,1.3409327711769352,alpha
0.5793876090380357,1.491091816263026,alpha
-0.2100477308832358,0.7099060944492825,alpha
0.348994380269688,1.329832951616711,alpha
1.9152846973987254,0.025367774463872762,alpha
0.7157885546736906,0.47477766861629206,alpha
1.5616253361855816,-0.48304368833779743,alpha
0.443603365015486,2.0439843502593336,alpha
-1.1088891199018092,2.0621593804883767,alpha
1.303906718914353,-0.20908773521878962,alpha
1.7579959465011148,0.49906874897093206,alpha
1.6318959931869508,1.8809855701726417,alpha
0.04437238584493098,1.6816964663153804,alpha
1.2447319157849615,-0.502240887820242,alpha
1.1239761370015773,-0.1713345264950725,alpha
1.8886728309627943,0.41284886051118586,alpha
0.6287784400586096,2.082009443459285,alpha
2.4341068792570155,0.9683009791870166,alpha
1.138836514895816,-0.004004315368598205,alpha
1.3472838545916235,-0.013750432610540408,alpha
2.755563819845283,-1.3359310920749967,alpha
1.0180202030351113,0.46157529478598275,alpha
-0.013609567414952494,1.8124979047036727,alpha
1.4230800004940245,-0.0427893101260745,alpha
-0.3324432220011677,2.2114672946798284,alpha
0.6982555223879954,0.3781740161183551,alpha
0.7561029637357223,-0.0742820843024758,alpha
0.7427347352931073,1.0810872244553074,alpha
-0.6569465859971618,0.9984776824424489,alpha
1.4182289665850079,0.2940625212302088,alpha
-1.3537528240495467,2.4263221671372732,alpha
0.6901235742497907,-0.011454741251658606,alpha
2.526242980873574,1.2418257958556522,alpha
0.7367417371571728,0.6204780298682817,alpha
0.5281073343819848,0.8238792637462067,alpha
1.033188442678501,-0.5615551455135951,alpha
0.9751239439422585,0.19542819826804758,alpha
0.2505552671811036,1.7447914380320149,alpha
0.4985551978040295,1.6462143150965134,alpha
1.1656520910962054,1.1920022326116284,alpha
1.7903354823952036,1.2815207856346613,beta
0.8591307343238989,1.3945951433756574,beta
-0.020471818546256865,2.340631326145078,beta
-0.2710306312755785,1.1746438777372132,beta
0.8494629189248094,1.0908901001582567,beta
-0.2345037746269213,0.8352668860117215,beta
0.8604412388012418,1.4708727182355967,beta
0.06117405280263604,1.1098407751848545,beta
0.14190665008132344,1.5612046954869079,beta
0.659895295768212,1.1178176053554463,beta
1.0239669780500948,1.5826409215284278,beta
-1.6585287509457498,1.7010152292040746,beta
-0.49553796964178015,-0.4581560378424908,beta
0.6165606004002951,0.6880336162984926,beta
0.4875811532367381,1.1925859218692727,beta
-0.9692206585577416,1.392352490455885,beta
0.3590038809506127,0.9953216503142527,beta
-1.0080648258139542,-0.26581551347903254,beta
1.0312642395964344,1.6861461805267506,beta
1.6423401019869976,1.1713110336159684,beta
1.6124270285318913,2.121802264981331,beta
2.372846992342192,0.18041285967138726,beta
1.2573009441523577,1.0530933976234336,beta
0.719974607412676,1.9568439379371967,beta
0.005880847388152437,1.0913292655915956,beta
0.5821177633645763,0.4574652938566788,beta
0.11946892532171574,0.496033764891246,beta
1.2475086433492377,1.299077154590642,beta
0.8557892469820514,1.376772800143558,beta
-0.05484668250611733,0.405254972107564,beta
1.9320785093296295,0.3075290508710139,beta
-0.334683296667944,0.8049234695778034,beta
-1.992113482727293,1.5972810080610342,beta
-0.9718187787299997,0.9987267628634795,beta
0.270024494471772,0.9552399146977149,beta
-1.019059349656201,2.200987342547864,beta
-1.6067522263292349,-0.45865450070746433,beta
0.01250998011384231,-0.261756492682286,beta
-0.7786516705487766,0.2764298866164907,beta
0.21528372838290472,2.0533870954426003,beta
0.675529589342138,1.0476980424997204,beta
1.0920475673993288,1.9293582332012569,beta
-1.1283096729278956,1.2119678247703043,alpha
-0.2101438063150205,-1.5475503524926248,alpha
-1.7401759944597257,1.4259335682960521,alpha
2.6816597797978203,0.4684166380413729,alpha
-0.6359044610832443,1.2226162518149264,alpha
1.174277015327253,-0.0553601130528373,alpha
-0.12830777164048215,-0.03916053526054741,alpha
-1.1906957860405083,1.696297575780256,alpha
-0.8053669483244076,-0.4962744102046641,alpha
-1.4585433735882685,0.9072331010286504,alpha
0.24636447665339134,-0.6647514738928897,alpha
-0.8500299249551753,-0.16818853055811708,alpha
-1.1218891807882674,1.561596918470947,alpha
-0.25368500190864174,0.72890448617087,alpha
-0.18195624190611012,1.7889183041169636,alpha
-1.4373598687978155,0.1877270097300572,alpha
-1.9525910599302463,1.120387996869022,alpha
-0.6750687444148916,-1.0527006752046055,alpha
-2.0899163235904887,0.95772911773693,alpha
0.4159379901838846,-0.1270951302977406,alpha
-1.0404609621728997,0.8011500916403665,alpha
-0.00781131208376608,0.37452175594995835,alpha
0.2370729893593211,-0.488303824430167,alpha
-1.6183530520161737,0.9818697371078497,alpha
-1.3887248699920638,-0.7253136770270485,alpha
-1.8351007453562396,0.8785442563859537,alpha
-0.774748339005381,0.36293693871986193,alpha
-1.1333309969700665,-0.2659368390876841,alpha
-1.5519690640506865,0.05471453648673965,alpha
-1.3268962056959392,0.6321702793551035,alpha
-0.8193052350275778,1.806066533158962,alpha
-0.5785040448428533,0.5034162179792092,alpha
-2.116993659228312,1.8737623200841738,beta
0.410709812586616,0.6875636338636892,beta
-1.1007377990145615,1.2448882348788157,beta
-0.43763601624064324,1.2721884304753304,beta
0.20047031066528942,0.43559238044574056,beta
-1.5549358031958886,1.2992153607395036,beta
-0.46173445757850484,1.3106510182024225,beta
-0.7486035319441252,1.1897693871404502,beta
-0.5907211476436875,-0.1626094977574541,beta
-1.1857601376267324,0.6252685037942873,beta
-0.39548243901539676,1.3416374707766994,beta
0.4684478483668947,0.5555878833833147,beta
0.8191223719393906,-1.257325695683329,beta
-1.3977772844236984,1.805853083338561,beta
-0.8619388282231247,1.0723064198762828,beta
-0.46743554554975597,0.30740212343154055,beta
-1.9967424377560286,2.1735135563319243,beta
-1.8001271831671752,0.8070665086112462,beta
-1.048984259835076,1.1658482500678577,beta
-0.5491960754179698,0.628412102114848,beta
-0.739428494832383,0.7292797247081754,beta
-0.7886314188551115,0.23498481668313395,beta
-2.6648362728445387,1.226643680091142,beta
-0.7098366154130039,0.43362963457096004,beta
-0.46661205320722976,0.1748457335330531,beta
-1.2980369439376729,2.03727798278686,beta
-2.156870660300707,1.652979285561957,beta
-1.9932839244786913,0.7252420679973445,beta
-2.2409475490960107,1.1260501351467525,beta
0.9201545683065652,0.3296697882202959,beta
-2.3159139804427396,1.9530188305532896,beta
-0.19004803106304624,1.4441841119492647,beta
-1.9941658730186116,0.7951698243507487,beta
-0.3833331650065011,1.047902156653558,beta
0.16908916909701863,0.43807044573199094,beta
-1.6577515399758715,1.6697870567921826,beta
-0.9210826698538954,0.9211806660840363,beta
-0.7832714420786163,1.408253373132367,beta
-0.7500737628741515,-0.2646193932737345,beta
-1.6789587537087196,0.7810590762227896,beta
-0.6304464831118115,1.3424069984929283,beta
0.6521775665365868,0.1741126319220923,beta
1.019616792493898,-1.1879912727285742,beta
-0.5937999857938853,1.7943135247518283,beta
-0.09070247009177124,1.2389722433739352,beta
1.0166159013034148,0.019310417195961216,beta
-2.046095239041271,1.6235885701601849,beta
-1.6138912825062441,0.4892647251244396,beta
-0.6736421789390473,1.370715344757641,beta
0.25641878033246485,1.2871296278443514,beta
-0.28013411859977566,1.044264372109602,beta
-0.43864508045385736,-0.1049638992406023,beta
-2.2634068855297858,0.9442315288978053,beta
0.5723740287879764,0.20144618757979058,beta
0.7512384309921287,0.18064926799545353,beta
-1.2270623722812415,2.37484367535307,beta
-2.0060751290814673,1.77263578673446,beta
-1.6581365911381696,0.8857952824708833,beta
-2.49271625437292,1.1731452166867178,beta
0.18369110987990978,1.162288833944697,beta
-1.9106009889027058,1.7115904018287378,alpha
-1.9784792196922278,1.2417975881294527,alpha
-2.0758453181108143,1.3842842321387714,alpha
-1.6269320845276678,1.111638868846804,alpha
-1.623070829436603,1.427749756031787,alpha
-2.0886562773255015,1.1163486912361091,alpha
-0.5136667512220688,0.48933426816604386,alpha
-1.8730687591815351,0.9805625373766095,alpha
-1.9955768658588307,1.7850976062044275,alpha
-1.2661982517114037,1.466715531114492,alpha
-1.6514566951406597,1.8115373395170595,alpha
-1.8894992782698907,1.6170532323584401,alpha
-2.4286632551206933,0.5130509220906869,alpha
-2.488621904195906,1.7131535057452063,alpha
-1.2010940661744505,0.685694719542539,alpha
-2.3235397540492984,1.6778240879632678,alpha
-2.1186103738542235,1.1102031520156037,alpha
-2.290316144166911,1.7271522318696488,alpha
-1.2856368112083443,-0.15400167037376253,alpha
-2.4058938962496406,1.2643875191962577,alpha
-1.8613504632909048,1.6272192276581425,alpha
-1.8366390748235448,1.4131083369576771,alpha
-1.9398496388794475,-0.08705723801297138,alpha
-2.5185909242179045,1.5764979949209208,alpha
-1.9516953422435237,1.6097476358043923,alpha
-0.1873953169851595,-1.0631636129341713,alpha
-1.8384858421565404,2.0923395457501948,alpha
-2.0704609092289803,1.9381526988355646,alpha
-1.7702831178468046,1.239351739231896,alpha
-2.1724983757867924,1.9303771706213109,alpha
-1.7584047554089204,0.7766475668462179,alpha
-1.5498790285099018,1.9567632179180443,alpha
-2.1807382116342464,1.2154529747667657,alpha
-0.6667631923970495,1.0453295574857837,alpha
-1.90433481912192,1.1203064760871089,alpha
-2.0099492733229405,1.4534506159170806,alpha
-1.0301761971832502,1.277305230923208,alpha
-1.6229769521971866,2.0248962740978182,alpha
-1.3396223480395708,1.2284306691150522,alpha
-2.3133968682270405,0.8227550151960588,alpha
-2.0574445407355593,1.3093751241024543,alpha
-1.1490205028563998,1.0902046918276196,alpha
-2.3619194299516373,1.8181350675741743,alpha
-2.1327159666567104,1.552293906860316,alpha
-2.4175769547480725,1.8876969561204655,alpha
-0.629728602850922,-0.406291221964474,alpha
-1.596930576366871,1.2898869902590087,alpha
-1.133188135511457,0.6209390415919214,alpha
-1.6676490400018078,1.7200738475000301,alpha
-1.1177368370333072,0.6742965562930194,alpha
-2.485325542676399,1.7382938316158802,alpha
-1.31148233059176,1.8665509579261597,alpha
0.08274373546655714,-1.2515823389888485,alpha
-1.7627043334511476,1.683273046807115,alpha
0.7362016178988527,0.20130559400057194,beta
1.9230121975758665,0.5272511274705869,beta
1.2259010407823798,1.1773842915975248,beta
2.2453691346838696,1.2301311190757243,beta
1.0739292465978882,0.13145226181681824,beta
1.5984864392266247,-0.938165992618808,beta
3.2802492534862786,-1.2218627466122116,beta
0.5443980529529209,1.9247158631360735,beta
2.212980491829515,-0.9543929629337834,beta
2.515309023705492,0.6616486905454669,beta
1.5691889462122786,-1.155324986395016,beta
0.14853883018913108,1.6688211820173744,beta
0.7076825652471684,2.630897031832706,beta
2.2478880345263965,1.0352922481056241,beta
1.209079268468012,0.20539435000274048,beta
-0.6535057205180336,1.5265288725983053,beta
1.4684267212646702,1.924931434748014,beta
1.1971467412062367,0.9442298739364244,beta
2.108005324209784,-0.5352076580210741,beta
0.5865517242367649,2.055529656563647,beta
1.734693649428876,1.2590858850497424,beta
-0.17573594470813356,1.643825258951705,beta
-0.1639800877596325,1.587777199736206,beta
1.8328772464174292,0.9039076568129618,beta
1.9912529323775394,-0.4648593659934146,beta
0.45633539139637264,1.8300225063664601,beta
1.6168809051138162,-1.0032428667653455,beta
-0.814604809037238,0.4508181520939834,beta
0.1551778615794408,0.2523521371497677,beta
1.7460854199289033,0.18945506333075052,beta
0.9564349137505781,0.06402269558229651,beta
0.401636562607086,1.2747918152825395,beta
-0.5704901153680699,1.1749787710041477,beta
0.6969720196866007,1.9773775922926258,beta
-0.4472253030930034,-0.26763769615981775,beta
0.8228468844584651,0.9575941200099133,beta
1.8562522299984858,0.2339578933365875,beta
0.283582657837015,1.535563400839881,beta
2.2825997264387237,-1.374868143256853,beta
1.1982186532066883,0.5922085965667675,beta
1.151048632528723,0.2379935630725498,beta
1.2214152568792946,0.5880758856498837,beta
1.355789561097241,0.8304529452188419,beta
1.231948149492853,1.5963205700725152,beta
1.8410537550183614,-0.10216432466736965,beta
1.2675611827935287,-1.0420344519459792,beta
2.4947573673693832,-1.0583842340434797,beta
1.55307587778157,1.4855532055734089,beta
1.7665993318094821,-1.080039246703848,beta
0.863450255422914,0.3473641674733703,beta
0.19697078116894604,-0.5432943046157629,beta
-0.34305341325632227,2.0388813401868204,beta
0.5273576014048069,2.387277116170385,beta
2.6174443485285015,0.5171080995275854,beta
2.332865444021717,1.2842329895735907,beta
0.023398839584375428,1.7741129523493018,beta
1.7119894856629705,1.645994420729725,beta
1.3482232175048126,0.9901264615614828,beta
1.0272898996054782,-0.48442361932757005,beta
2.49985640374742,0.6127510149636167,beta
1.6305763029525289,1.3498956923535355,beta
-0.302709185547874,1.8024596551146834,beta
1.4853422468930315,1.5256595287339776,beta
0.4412919176844017,1.0223470743077472,beta
1.1547003816701384,-0.1853831287146836,beta
0.5819160022154185,1.4255784209657896,beta
0.8012182036299405,-0.45115174850300227,beta
0.23147649470948095,-1.0580142342827557,beta
-0.1401379208338196,0.3807694439163501,beta
1.8481229144464808,-0.1635472276912586,beta
0.6885756135507424,-0.19730046920872932,beta
0.21069835211167498,0.9582956575755408,beta
-1.0310759052079326,1.9203462041428747,beta
0.5220829813378064,2.0121778994307093,beta
0.39319470250359667,0.5309349373925177,beta
0.5892340480179087,1.048688516148106,beta
1.7885286750157083,0.11433146851547288,beta
-0.11570774670278298,1.642585944786018,beta
2.251885217050365,-1.4672727407607258,beta
1.4438806129386248,0.279738183202547,beta
0.40664317321080484,-0.6194403456921185,alpha
1.4845894876093715,-1.4219015185180062,alpha
-0.671074965265623,0.7642425613688488,alpha
0.6641655297519932,0.048753492792431824,alpha
0.4280877231141577,-0.5096193101002583,alpha
-0.6555365780807542,-0.493995270455854,alpha
0.23916699089269047,-1.539718449208244,alpha
-0.06432047704885367,-0.7482461095276385,alpha
0.4507191088953921,0.9146547224690716,alpha
0.31960177607955176,-0.26695456027003944,alpha
0.5940777932752344,0.05342016993713075,alpha
-0.051774229498587974,0.6152341974817626,alpha
-0.3863988857796067,1.5681221541633978,alpha
0.24092155726653064,0.787978613022535,alpha
1.386510572923208,-0.8976561803990671,alpha
0.7750261452530904,-0.866595023786766,alpha
-0.7232050226368932,2.3427356158375177,alpha
-0.3333932356894118,-0.29888459531228156,alpha
-0.6704340041841191,1.1081989279619195,alpha
-0.8975805354589155,1.1162301151841056,alpha
-0.8869870507645146,0.3013394453362393,alpha
-0.4046264786914452,-0.3482673387505107,alpha
-0.8793515806181708,0.3833187698333479,alpha
-0.01585539864956151,-0.6197170577307066,alpha
1.0005528596613815,-1.2623967155388875,alpha
-0.9516064424201609,0.4598058571945882,alpha
0.5250610497191125,-0.2841128489153561,alpha
0.45023447488940843,-0.8051012582005442,alpha
-0.8725344716160977,-0.3853340805958609,alpha
-0.383606897829805,-1.1315541207622268,alpha
0.21051292677947261,-0.3630433509275058,alpha
0.13194009586806454,1.5148977691541134,alpha
0.3678474731237302,0.3273035685147717,alpha
0.4882843594615846,-0.4123025482389896,alpha
-0.42377188992592746,0.9019906613565012,alpha
-0.7687232894606935,1.6373413686528546,alpha
0.33117387755662553,0.5806795747888699,alpha
1.463631255336821,-1.310851381308137,alpha
-0.005552968877523682,-0.3519052352881398,alpha
-0.758545703151938,2.3405911875798275,alpha
-0.576595889055514,-0.3835042715060341,alpha
-0.9207094665568797,0.9065939691674203,alpha
-1.0453744175823483,0.6124099800163529,alpha
-0.9071160668579588,0.2778521051158876,alpha
-0.38801197178151764,-0.41077864479931886,alpha
-1.1056974146744916,0.19360267991043187,alpha
2.3760412567638887,-1.5005842139213734,beta
2.652991172417244,-1.855509488911325,beta
3.024044142019488,-2.0848551022263355,beta
2.127484862539098,-1.7579188990183245,beta
0.923129987192574,1.2877677832727505,beta
0.4308015578789984,-0.745892075512766,beta
1.2867820331008815,0.242829079833425,beta
0.5299842681186845,2.5074660797754,beta
1.7219555502397883,-0.9920602356056281,beta
2.429068168866543,-1.5247196749635652,beta
0.1442539923352237,0.80051551091158,beta
1.8926872621931943,-0.540911817471771,beta
0.4865014181026917,-0.5778655816523296,beta
0.5617327571366644,0.45851320190407846,beta
1.5589684442716059,-2.004616335248133,beta
0.6178743651076556,-0.8615387212053979,beta
2.321789918494022,0.8810663258047138,beta
0.5892570008719833,0.4644821705328813,beta
1.8701032908450472,-0.3929798503409877,beta
1.519739226675309,-0.4264415553931635,beta
1.9684325009832688,-1.4745186086094475,beta
0.7097084759070739,-1.1739889938708785,beta
2.247245635817681,-1.7813845778006971,beta
0.19883518021424001,-0.5208466842951126,beta
1.6512291956321887,-1.0606584665869088,beta
2.9753724186293304,-0.482102848493689,beta
1.3753395527887762,-0.06678115661813483,beta
0.3771436634678338,-0.06073986229619731,beta
1.4219466197674835,-0.7649318547388927,beta
2.15493979942863,0.5691172674486117,beta
2.96652011919886,0.6291648762248343,beta
1.3036600943213206,-0.28142540492728507,beta
1.782274144320608,-1.5519615160814075,beta
2.2592253907883344,-0.75210424646009,beta
1.2253734636662967,-0.35958031234674337,beta
1.1535242663375618,-1.1650787475469948,beta
0.2516109235017369,-0.46773878455052603,beta
1.499473755439857,-0.6820291978332365,beta
0.23274122534278807,-0.04209571234681234,beta
1.115049238925956,-1.246422297865817,beta
3.028241675141565,-1.2350539390531292,beta
1.031999147353337,-1.4952546879573774,beta
1.1414477003074763,-0.5847433684079261,beta
0.6478457154300232,-1.3099247232971578,beta
1.9344587392760593,-0.9425279646888581,beta
3.2312120375392426,-1.2943774243940738,beta
2.750140141437406,-1.8937021382749537,beta
2.233644397783242,-0.8929701498131787,beta
1.084613924025186,1.5560349211158393,beta
0.6227834834759429,-0.28861672130648525,beta
0.2617434934547466,-0.7973885667505363,beta
-0.043973873459226404,1.850710562585059,beta
0.7461160344410639,-0.3190853292872229,beta
2.1274162560878533,-1.0983930121106187,beta
0.3675256503783603,1.112030379080327,beta
1.4737765904691864,-0.3405645576875708,beta
0.22696151181642746,0.10962757669927639,beta
0.5788755097805891,0.5890042532581224,beta
2.955001053474144,-2.131480715680931,beta
2.0856854937254425,-1.010690948907071,beta
2.6647215483031594,0.40609362445120617,beta
2.2569086078861917,0.12709745969883338,beta
1.5008050069288335,0.10522047501662331,beta
1.8586172620404304,0.4989977807907777,beta
2.7998950323499607,-0.9630859790351934,beta
1.8638548690990189,-0.2674821841421771,beta
2.1439428027582483,-0.686564979161931,beta
0.4072962520243738,-0.6498890071765873,beta
1.5923860756359085,-0.4541389625165403,beta
2.1266563872937523,-0.532428220698794,beta
2.3773296666433374,-0.3126371945631268,beta
0.33165601546404483,-0.24375940284195788,beta
1.1967869739607393,-0.12687803869545894,beta
1.814794071819464,0.9423120362881761,beta
2.3398030253114905,0.961526359827965,beta
1.772794951640691,0.09359317563514545,beta
3.1976615606645264,-1.3796990627237087,beta
1.7712439051266364,-0.20947137567778829,beta
3.0841109437085445,-0.4910901737666902,beta
2.1930437987195637,-0.8022193384215379,beta
0.6787614907949493,-0.39148320145153565,beta
1.2476676309328145,-1.023580793084945,beta
0.018203362767108967,0.27738158936429685,beta
1.1413383332523643,-1.1490915916799256,beta
2.8331096142924497,-1.0260233684060873,beta
0.952839839859085,-0.8714724680052091,beta
1.069833098943308,0.5472144810366976,beta
0.5435140691546133,-1.2555940723647374,beta
0.11334559992989213,-0.0032525776194946843,alpha
2.666577753552322,-1.4704269919317452,alpha
2.1066523511894295,-1.0719026742906277,alpha
0.8954343602273228,-0.5340377137274428,alpha
0.4909734014241341,0.19909327798547782,alpha
2.3290359889543835,-1.2247141104482133,alpha
1.884972975769862,-0.9536687116699465,alpha
0.07735967651341642,0.037838511845954305,alpha
2.618857864903734,-1.3822713670979625,beta
0.7339997649312738,-1.203802531997708,beta
0.5781871196060525,1.19681205542273,beta
2.4819459778066246,-1.1436223843647448,beta
1.5039854111541735,-1.2586823986458746,beta
1.514171347230622,-2.006292027556351,beta
1.7485175467696963,-0.021513042775769094,beta
0.8140031435872107,-0.02039718831735983,beta
0.5868673213494014,0.5971354529902296,beta
0.5123572666057421,-0.6791196331341913,beta
1.6329261781009403,-1.4743411089491547,beta
0.8498023698712261,-1.8526121035928307,beta
1.854586781983287,-1.5773955642612933,beta
2.4328759369512962,-0.17629852830910694,beta
-0.16647275955496718,1.2892257915726961,beta
2.260964477849968,-1.5316078440534602,beta
2.147176718540368,-1.6861287962444658,beta
2.246177737599335,0.06042828532410735,beta
0.9315999538544129,-0.3311789756536779,beta
1.8239727676938602,-0.06160541927053201,beta
1.8812130578964013,-1.7326242311883455,beta
1.9911573719835722,-0.9304690803607469,beta
1.2964722226137917,0.052790241615463446,beta
1.3766523655686946,-0.7651639612565188,beta
1.4649131450587214,-1.3329025891914492,beta
2.0873263767334613,-1.1253735445060278,beta
1.4963923421646728,0.9693473756263861,beta
1.0262549262391625,-1.38783258273692,beta
0.723601131619707,-1.466653598673415,beta
0.8247496919239877,-1.284179090958257,beta
1.8344991092277654,-1.8706257048233663,beta
-0.22190359900622744,-1.8520639856238141,beta
0.2974369082094234,2.1539177343249136,beta
2.3882683632583555,-1.1234072242916435,beta
0.6707619666807857,0.9623214505395647,beta
2.605949477233634,-0.9513717562290295,beta
0.8759304169894646,-0.8773317087169438,beta
-0.3728798198293135,-0.3625134616134555,beta
1.8982206138505417,-0.7226352754690396,beta
1.2798671431848556,-1.4800748858079882,beta
1.4978141210539253,-0.4087734347083522,beta
1.6614658443929322,0.21943734676761603,beta
2.1583631803372074,-1.3140453266341845,beta
1.769841794512421,-0.7649096920999862,beta
3.110028969738224,-1.488773943800705,beta
1.4817596250933847,-0.7156605194412761,beta
1.7502280867554363,-1.3391760696798438,beta
1.6052998296288656,-2.0473971328148632,beta
0.33620740443622643,0.9518079939869147,beta
2.3119789416152345,-1.061132499108322,beta
1.2301869496486337,-0.7073128671179101,beta
1.9373410958632562,1.1171891570702728,beta
1.4403412789798224,-0.7179062034870135,beta
1.6754000640726348,-0.7477985401016694,beta
1.5442019781514207,-1.1534183294416573,beta
1.2475982730363837,0.17486442678697436,beta
0.6965189747555314,1.0089365337891376,beta
1.3269240536002445,0.266863317235696,beta
0.5686618582013595,-0.2886484837666329,beta
1.7149963420877166,-1.6014160490664118,beta
1.379178456779568,-0.84964549000812,beta
2.216882265131676,-1.337635582963455,beta
1.6687650739365425,0.47155118865608625,beta
0.1229177167992727,1.9232524499307313,beta
1.6837524062507094,-0.966156721655991,beta
3.0831977480341517,-1.2893968878845676,beta
2.593942085907947,-0.6037512575647046,beta
0.8672879806584108,0.4641459815683324,beta
2.4560112328987467,-0.5634114832786951,beta
2.2775806894966517,-1.691176886300116,beta
1.3663661759348227,0.053532607473966966,beta
1.0798757446339424,0.27224797372087906,beta
0.9039227174737713,0.005932669845898408,beta
1.071722104892552,-0.8927932591969416,beta
1.7621588628607026,-1.062391428956134,beta
0.44844492604773944,1.9122464236478154,beta
3.602614857993889,-1.4164882616332652,beta
0.2919514687552888,-1.088604467799604,beta
0.6418234752709522,-1.4374527319945019,beta
2.311407985139566,-1.3092467815890765,beta
-0.0740044177019991,-1.2081523145250155,beta
0.2411610176574813,0.8436578194691996,beta
1.8067740046185414,-0.8789342733474332,beta
0.8406040412436262,1.6774355636545402,beta
1.928715244623314,-0.899369971681403,beta
1.227801355997748,-0.48960703542361006,beta
-0.429815398410127,-0.5265539217522233,beta
2.3128358844409624,-0.3006980966560827,beta
1.4571805051492555,-1.1410369408366272,beta
2.327940455277358,-1.0154137777052459,beta
1.0936398110535042,0.8179977071993585,beta
1.8727268652206461,-0.7485025211331356,beta
1.630383754817881,-0.3720347077671106,beta
2.981850034933576,-0.678504143884291,beta
2.380460459387338,-0.5641180142799581,beta
1.6495301423211575,-0.4762793992102994,beta
1.8901877139735408,-1.164529515140289,beta
0.3885713398617841,1.5855808063837853,beta
0.8377233724857082,-1.1332764005654201,alpha
0.705342002530732,-0.9512759523030427,alpha
0.6816840940954043,1.2435417825698334,alpha
0.20763775025039308,-1.5903816999877936,alpha
-0.6401004562734561,0.974899740547905,alpha
0.6222459595348996,-1.5143915044894252,alpha
1.0192447150176511,-0.7134578553299444,alpha
2.203021050790001,-1.5195282999510529,alpha
0.07810668589165494,-0.7006300202478568,alpha
2.4938037578157752,-0.8240831959972322,alpha
0.8255597763042032,-0.7916045547587314,alpha
0.22574800663557737,-1.0828437421460693,alpha
0.9854319412544913,0.2955794334048207,alpha
0.008029535467337787,-1.4347523830691185,alpha
-0.5521160942201384,0.8302163642252601,alpha
0.6306033124954447,-0.34359915524129153,alpha
0.12032279361298448,-0.34762838366170384,alpha
3.104525864116079,-1.7595662799063192,alpha
-0.1033640038979285,-1.1605520666370932,alpha
3.1152571063871473,-1.232590799631984,alpha
-0.1810987229779505,0.36279526427833575,beta
0.744064228354924,-1.488100543650767,beta
1.4150644652379114,-0.7931822519041084,beta
0.44512750445635546,-0.9596891691098534,beta
1.6716033938318484,-1.4045587098814292,beta
0.9372461465154402,-1.0207462671419538,beta
0.8759377271098553,-0.7239099839779032,beta
1.018466971915235,-2.003396114446212,beta
2.155280759477644,-0.8082725102850856,beta
2.2344057392393792,-0.5134644201465586,beta
1.5247554941238313,-1.492903047887482,beta
0.5761012945757308,-0.8786644693663858,beta
2.7956660643441573,-1.8875309100777173,beta
-0.010870216910881822,1.1163211872903545,beta
1.3041712617177925,-1.1347019242730434,beta
1.0197517629475057,-0.716635967831657,beta
0.17127034101560118,-0.2671720363958226,beta
0.5645507315345997,-0.8526638141587581,beta
1.413570153103984,-1.5806964187353267,beta
1.5476154216569273,-0.4630851852367118,beta
1.9176350830856794,-1.7871508332929005,beta
-0.05489927192608837,-0.9379452030390761,beta
0.05957849428425427,-0.6484392965256125,beta
0.1123884442541325,-0.7893277173578054,beta
0.3530242718184158,-0.34667992738676706,beta
-0.11668710484148148,-1.5058511186695123,beta
1.4687261946712136,-1.7218058341858362,beta
0.6327239265427883,0.3517297353129934,beta
0.4047428659538712,-1.636600264427893,beta
1.386025941889525,-0.7320110465827586,beta
1.8335742206589967,-0.669080683823323,beta
1.6448966053801033,-1.4740958427485664,beta
1.1676413009309823,-1.0360384960526938,beta
1.0021959051753841,0.11958956740795688,beta
1.1566874533207043,-1.1292608920424423,beta
2.8378225045384475,-1.1921108151333855,beta
2.0471722267323114,-0.4362445816092849,beta
1.342829493755317,-0.632754050086839,beta
0.49692312127753585,-0.8762948206949726,beta
3.1857395903324215,-1.4701096488927896,beta
-0.6903761300297211,1.1916398105536514,beta
2.82883022971373,-1.2977912726990757,beta
1.015389099518759,0.3475904250409577,beta
-0.14459209867575265,-0.3460086239094247,beta
0.49383005212074305,-0.7841196218836985,beta
0.7891320052644745,-1.2943680649181537,beta
1.6298893557118723,0.44891492757611207,beta
1.666230563864556,-1.262976610852251,beta
-0.18817980063418827,-0.6438509477780597,beta
-0.14745741574599625,-0.5315083927269939,beta
0.09541139704347823,-0.7174151353417441,beta
0.36926936764127033,-0.2565271680544892,beta
-0.02464104105404962,-1.5009452687953562,beta
1.5590930887796153,-1.6602466237948008,beta
1.5073716981835752,-0.7450666370340241,alpha
0.6801418580588603,-1.1376631267450275,alpha
1.8328998639753264,-0.5285282163610058,alpha
-0.921165579255799,-0.3796368404314588,alpha
-0.9010528370474197,-1.303050828450113,alpha
-0.7336784632039748,-0.5436196714782755,alpha
-0.5002903657113964,-0.9075941050525328,alpha
-0.7948802175679147,-0.6518925307440319,alpha
2.0179544941286727,-1.1110235253928678,alpha
0.8291572394591072,-1.0325704479515905,alpha
2.144122417791571,-0.6387479840885328,alpha
-0.8824359759707664,-0.9001894121497945,alpha
-0.5842231162004337,-1.2378591258665217,alpha
-0.7982517324316972,-0.829646103851466,alpha
-0.6245131866006428,-0.5853541188746739,alpha
-0.7476862652522166,-0.8543209208797675,alpha
