,PC1,PC2,cell_type
0,0.3916558188192121,-0.3897977042158824,beta
1,1.3278394852267223,0.9296232920035574,beta
2,1.7892302628902144,-2.0257286442149467,beta
3,2.8107704473533888,-1.2265638399683227,beta
4,0.31567186568372135,-0.8837402211500188,beta
5,1.8123360970128704,-0.5409927168031836,beta
6,2.0193163316086187,-0.4252972263187595,beta
7,1.6246540296804952,0.7264006422794447,beta
8,1.2675226755155387,0.2682548432797877,beta
9,3.034364785901128,0.20689471341657464,beta
10,1.651079781387442,-1.0692664590307774,beta
11,1.0645365453879587,0.4119073995644176,beta
12,1.7832242371221412,1.056179358173333,beta
13,1.0914474416622926,0.6279136355399991,beta
14,1.1876096603859834,-0.2273397401781983,beta
15,1.985188116990806,-1.675420887633483,beta
16,1.8429860941976857,0.738822850060302,beta
17,0.7996478967674527,0.6029456423293091,beta
18,1.4565511564090117,-0.9845526729293208,beta
19,1.6616363176306888,0.7857803786547211,beta
20,2.0374952431106848,-1.6086779623290413,beta
21,0.9365746212311306,-1.7205506238790222,beta
22,1.420827473949597,-0.9156920118484037,beta
23,1.7060587939535505,-0.6531939233909505,beta
24,1.780068762630909,-0.005626849226688773,beta
25,1.0683296839394358,-1.9166997300460862,beta
26,0.4992077291351859,1.4400645806896268,beta
27,1.266972761235517,0.152903421817911,beta
28,1.124620575800237,-0.43023609771712906,beta
29,1.7029232958031892,-1.366612566707758,beta
30,1.1165621931004825,0.4516399715095087,beta
31,1.633893653916822,0.30139254702202223,beta
32,0.8193949112111503,-1.7190239616746599,beta
33,1.5201099200768677,0.533156971899895,beta
34,0.3826419646675339,1.483874742541792,beta
35,0.7416288489993654,-0.3783677291453872,beta
36,0.9171542179664288,2.578093332103525,beta
37,1.4061622067321307,0.6613528168360031,beta
38,1.5791651191657212,0.01928749224118361,beta
39,1.170428320850034,-0.6888277748638157,beta
40,1.6043992081403287,0.5108131205578458,beta
41,1.1719492724310991,-0.20555811731960966,beta
42,1.1775741577274295,-1.6420207707718693,beta
43,0.2443830459674803,1.5339825163991139,beta
44,2.951164516699681,-1.3626431222841626,beta
45,2.391912192906419,-1.0778519100373136,beta
46,2.162609540599918,-1.4086611669482263,beta
47,0.3714992914178229,0.038216688114547044,beta
48,1.5208030407042947,1.025731389729344,beta
49,1.9959609762454629,-2.307571575817395,beta
50,2.7106703043118814,-1.2014804188028227,beta
51,0.47352683240952337,-0.7903858539011663,beta
52,1.514160102455887,-0.5142105004545668,beta
53,1.925656855009138,0.12725089091457634,beta
54,1.4172857847689453,1.3185140917441311,beta
55,1.1110054576890527,0.06394120024614491,beta
56,2.529279111484655,0.38165328428740514,beta
57,1.7572539265805165,-0.543050326730209,beta
58,-0.219200745973134,0.8644454775894252,beta
59,2.07567804685414,0.14028091900805728,beta
60,0.6635213695746837,0.3694900653551405,beta
61,1.6129774052269026,-0.0159408528526198,beta
62,1.8121739391366463,-1.3923112463072762,beta
63,1.353527156722493,0.7796659717028175,beta
64,0.5833607171110445,0.4796800187701128,beta
65,1.2099777285907456,-0.6714804593846052,beta
66,1.9346945909955031,0.7060638515854261,beta
67,2.0959020105851907,-0.96129901405672,beta
68,0.5991214118793833,-1.508883484719065,beta
69,1.4547645651731094,-0.18401645914188955,beta
70,1.530777217691041,-0.6625540280705515,beta
71,1.9978000917858836,0.060963360363718806,beta
72,0.8654631928602918,-1.5081458489459612,beta
73,0.24898777357764232,1.1322791959517302,beta
74,1.2440047759198607,0.634161117846791,beta
75,0.3078641832430686,-0.11131617906742607,beta
76,1.206388714124344,-0.9392062245028715,beta
77,1.0734104466033874,0.028020469459008192,beta
78,1.2348469595097482,0.6785065214897741,beta
79,0.43706683861446727,-1.387701579247786,beta
80,1.41138377107811,0.6129961499751195,beta
81,0.7019046748810294,1.1231995605944758,beta
82,0.2274549969208444,-0.6785776040078724,beta
83,1.7218133465681222,2.193177615300041,beta
84,0.9144110370859811,0.7356607247498572,beta
85,1.1749866929099586,0.4898297390817492,beta
86,1.173405708052868,-0.3870969546905685,beta
87,1.5044133210779882,0.5549817038853792,beta
88,0.9179956444376249,-0.32601437102563713,beta
89,0.34398817769771717,-1.2456806139569796,beta
90,0.9578005935874232,1.772947798531666,beta
91,2.7557547001494234,-1.42863101848357,beta
92,2.298637698268775,-0.5456766438744823,beta
93,2.066433318455759,-0.8141083627734896,beta
94,1.2234809693765754,0.19031862855621526,alpha
95,-1.713841474550575,0.04448770883132751,alpha
96,0.8652819028168646,-0.5071257757062698,alpha
97,1.7028334696951535,0.9753377009133793,alpha
98,0.7803558492350632,0.3623799584918885,alpha
99,-1.9398089535968395,0.2725013695979343,alpha
100,1.1313393969418033,-0.45309878423110583,alpha
101,1.2978952592227333,1.0185909075282364,alpha
102,-1.1654005003571668,-0.7108194447693761,beta
103,-0.710531649179426,-1.6388027440492325,beta
104,-0.8698089656134105,0.6255655050379937,beta
105,-1.1583545097212444,-1.0261441145479593,beta
106,-2.292978668836327,1.6729931754536225,beta
107,-2.3583218775422403,1.18420638667251,beta
108,-2.3599556149487366,0.42062745722422856,beta
109,-1.7753451869412145,-0.09505155554400656,beta
110,-1.8774007964984298,-0.3834441284966853,beta
111,-1.557118566947794,-1.22124721923564,beta
112,-1.2509354928783218,-1.574291821348235,beta
113,-1.8425397729853559,-0.4778180134885285,beta
114,-1.7917092111608162,-0.8459642441812942,beta
115,-1.5529467812888753,-1.1506235841986998,beta
116,-0.8902651679271809,-1.5564571513403482,beta
117,-0.984992974594425,-0.8526490152264186,beta
118,-0.943654972695916,-2.105065906169634,beta
119,-1.7365652473695938,-1.4884328961622373,beta
120,-1.0641608333069184,-1.2556990658837504,beta
121,-2.5837287322710436,-0.17297764946087088,beta
122,-1.0501292746410147,-2.6391885678237954,beta
123,-2.2831721844467308,-0.5310724223278529,beta
124,-2.179255911102149,0.20942710518577884,beta
125,-1.4374325488796411,0.15377738355218937,beta
126,-2.225826551324104,-1.196354233485584,beta
127,-1.603853078434982,-1.3308594605467383,beta
128,-2.099549757557763,-0.39142393497002886,beta
129,-1.6013852819265868,-1.1947694735905012,beta
130,-1.5734825860910637,0.011958471190073434,beta
131,-0.5127510460808306,-0.9820828722403454,beta
132,-0.4542942121264191,0.4943023878881176,beta
133,-1.8282847637615267,-1.6141429921730004,beta
134,-0.3044625873851732,-1.6445151720342381,beta
135,-0.9497156116997062,1.6567387655174608,beta
136,-1.4831310137593359,0.6858670955118062,beta
137,-0.3745387741114967,-0.8952658246263492,beta
138,-0.8684753457041052,0.6175291852283802,beta
139,-1.2160470058695596,0.0913044336455441,beta
140,-2.2321227901022596,0.7584872091707923,beta
141,-2.1347000197286508,-1.4684494749413746,beta
142,-0.9856429269440504,0.7041614097189475,beta
143,-0.5935088902538438,-1.5472148784198636,beta
144,-1.2659577638078094,0.03204353869092667,beta
145,-1.838270360887257,0.20203632039149372,beta
146,-0.6642079388109935,-1.043142588696064,beta
147,-1.9860128499076,-1.144025606254363,beta
148,-1.8596805252615753,-0.2021060231957695,beta
149,-1.3574306478221931,-1.3019679095090384,beta
150,-1.5600235223810412,1.528644819744412,beta
151,-2.042326519320296,-0.6850764004319847,beta
152,-1.8609603866185982,-1.2518590280635886,beta
153,-1.4635614715635572,-0.3049084974929537,beta
154,-1.3268690627408328,-1.4082924269907036,beta
155,-0.7060312863344075,-1.4929769353768474,beta
156,-0.8955974777425908,-2.0242652299194184,beta
157,-1.9750097020635244,-0.44527251452624145,beta
158,-2.406374217288596,-1.2047056726731102,beta
159,-1.701151756084751,-0.09790362760568606,beta
160,-2.30727099586809,-0.7186661236262081,beta
161,-2.2066012493239135,0.04819727222376786,beta
162,-2.303766903388784,0.5449569275164052,beta
163,-1.4904487087136187,-1.458712738360413,beta
164,-1.2941096064586501,-1.7984234477676981,beta
165,-1.4304662545434632,-1.0120039101870824,beta
166,-2.3739743475319246,0.3482353137680671,beta
167,-1.7465742441417238,-0.22595501263672843,beta
168,-2.8798806275401367,0.5613563647719862,beta
169,-1.5286203999561303,-1.7842701502200449,beta
170,-1.4988949622845391,-0.8761226454033169,beta
171,-1.9915295714616792,-1.1909964261664499,beta
172,-1.7549741703923287,-1.0786371430226878,beta
173,-1.9579773976436734,-0.6996352214883967,beta
174,-0.6894412976879112,-1.6719031641288709,beta
175,-0.8268395899916409,-0.22656958790341053,beta
176,-1.8978027772760564,0.4795021466471344,beta
177,-1.1297091565742459,0.11882121929901686,beta
178,-1.9669158763259362,-0.447958597076321,beta
179,-1.342789773354762,-0.27689496937323527,beta
180,-0.6205553805702844,-1.3949445696527532,beta
181,-2.2161258326697753,0.3885964933913712,beta
182,-1.6131035844023816,0.24216933477695762,beta
183,-1.5505575112680832,-1.4344802817860285,beta
184,-1.418717715552805,-1.1878210840429384,beta
185,-1.9714636398240097,0.08449835093339449,beta
186,-2.4059659726599505,0.12657039356619884,beta
187,-2.5145855134152133,-0.9472988825916646,beta
188,-0.7093953739865826,-1.0400270250998134,beta
189,-2.3793505940820077,0.473240433466539,beta
190,-1.8058341595031207,0.031908627821110515,beta
191,-1.4817181845827743,-0.4453679539623154,beta
192,-1.2352412497174774,-2.3624811189908668,beta
193,-1.2735058769133807,-0.4552572817239662,beta
194,-0.7275672516859898,1.0078684984720074,beta
195,-1.8981549531347075,0.9310646399207729,beta
196,-2.0264423145066246,-0.4596053041511043,beta
197,-2.054141554626099,0.29570393322549193,beta
198,-1.4550592118806511,-0.49006719143146543,beta
199,-1.9712815600018272,-1.0961708286601233,beta
200,-2.07632907444164,-0.517289700314864,beta
201,-1.7423691744297467,-1.684932713896699,beta
202,-1.5580806289181877,-1.6131623724806674,beta
203,-1.9720663184142975,-0.8114719464471053,beta
204,-2.35651565053265,0.4572444828350893,beta
205,-1.167942379806276,-1.6059091025825019,beta
206,-1.6810732984939925,-1.0050106789630586,beta
207,-1.9402052589474161,-0.2873622425491892,beta
208,-1.8750919602615914,-1.9272784345705591,beta
209,-2.302879843388851,-0.43927498739418985,beta
210,-2.015210688631188,-1.4118242960788137,beta
211,-0.7669852186399373,-2.120242685029817,beta
212,-2.0702407368372953,-2.2262611194246538,beta
213,-1.0189227297621142,-1.4347673893136144,beta
214,-1.1511104166910249,-1.2332118788596373,beta
215,-1.5203719393558577,-0.9459101999335462,beta
216,-2.9027274682210664,-1.4887092085282596,beta
217,-1.967726153575732,-1.615920239239549,beta
218,-1.6263239533537068,-2.582131576417267,beta
219,-1.9007307470750447,-0.6766309198569651,beta
220,-2.3956802153959353,-1.613222417628037,beta
221,-1.2700671315906222,-0.5535511102212667,beta
222,-1.9777393778991845,-1.7525031717822732,beta
223,-1.5572119703323895,0.1264051177232626,beta
224,-1.7820889148999879,-0.7371198973152309,beta
225,-2.4364828295379204,-0.5343734262526063,beta
226,-0.27126767877449226,-0.6391348219587968,beta
227,-0.2539545944555842,-1.5777983233920847,beta
228,-1.6171425337454983,1.6848435354825613,beta
229,-1.7941376163843172,-1.1061591449021992,beta
230,-2.11672838799954,2.20631645160616,beta
231,-2.1538162089575046,0.7735194300131794,beta
232,-0.8606562366582277,0.10423205545268122,beta
233,-2.4276590723212617,-0.20571990916907687,beta
234,-2.1291726335217396,-0.014242539853698796,beta
235,-2.2550920908379593,-2.2435118290420304,beta
236,-1.5625961305840543,-1.6013730712055343,beta
237,-2.1875021212574484,-0.6492264084616629,beta
238,-1.7641622273762152,-1.2606779139636792,beta
239,-1.4381701642772349,-0.9396351589254518,beta
240,-1.028354446658749,-1.269996905408756,beta
241,0.10004452709095525,-0.3846863475949774,beta
242,-0.9010815506675958,-1.8066559370006032,beta
243,-1.5416623548238442,-2.0437450782325364,beta
244,-1.4185151479264402,-0.4918187481124392,beta
245,-2.8585160883712564,-0.3138501338292038,beta
246,-1.6784910353833775,-2.1764247997389985,beta
247,-2.047612791949857,-0.7829326544104732,beta
248,-1.3669102962709294,0.16876815933148492,beta
249,-2.4033951151901665,0.12774133271716775,beta
250,-2.040748795185185,0.6508572220959069,beta
251,-1.5372795671289718,-1.7411250108970224,beta
252,-1.6140822000167085,-0.130416399802322,beta
253,-1.4231369244517629,-0.8602501395088993,beta
254,-1.5769901973426022,-1.7627908093344622,beta
255,-1.6051934601157412,0.9713203071643627,beta
256,-1.3618593764343774,-0.4929818166603737,beta
257,-1.519027766162252,-1.5801654508435425,beta
258,-0.6131032449593417,-1.5387770241452847,beta
259,-1.9082170361157715,0.3259723389037541,beta
260,-1.5975376271614996,-1.130689960456797,beta
261,-0.7419346776370823,-1.8056265528154853,beta
262,-1.5190655308089298,0.35397528701183506,beta
263,-1.2470275844005736,-1.3674363140689159,beta
264,-1.8424484428043202,0.721647997245253,beta
265,-2.028081766115865,-1.1624881565651783,beta
266,-1.0437860525913545,0.7016430261109361,beta
267,0.061938333240740384,-1.337561997710109,beta
268,-1.2337420295942736,-0.09216682217476702,beta
269,-0.5771036286269232,0.16091185434316715,beta
270,-1.8075179274174806,-1.3181614056404127,beta
271,-1.9642686365066948,-0.979930897276632,beta
272,-1.9878768063780887,-0.2513059709805515,beta
273,-1.6934531818313863,-0.8540209361017853,beta
274,-2.6347023153827136,1.2767524210379915,beta
275,-1.8954851080269697,1.836465946906455,beta
276,-1.9279413411451884,-1.8542935195632637,beta
277,-2.1180788587292745,-0.799016722088759,beta
278,-1.6026359068693565,-1.3500588915693472,beta
279,-0.04678896149129288,-1.1766700131955339,beta
280,-1.1569824818097723,-2.113794209896035,beta
281,-2.033612767920721,-0.10151752907181473,beta
282,-2.251287354908175,-1.3784106120495858,beta
283,-1.6264741873197055,-0.15919296884193815,beta
284,-1.4501484395406643,-1.7591316196410558,beta
285,-1.464954990042846,-0.271057314316127,beta
286,-2.6414699110162503,0.7538457162561865,beta
287,-1.2666740980841986,-1.6283682290242845,beta
288,-1.2749241078855884,-1.3047101821146079,beta
289,-0.9176496827072949,-1.0941438581376812,beta
290,-2.7351494848120526,0.38725673147114936,beta
291,-1.9835206794076905,-0.5096264923362107,beta
292,-2.9068116103683357,0.45962262900335604,beta
293,-1.6930984428913536,-2.2292476053551487,beta
294,-1.5670445667807502,-1.492345145946311,beta
295,-1.415754965749909,-1.0519987414262073,beta
296,-1.1080623954655706,-1.2862679038048528,beta
297,-1.76578163662803,-0.7757569933756676,beta
298,-0.8560076347731391,-1.161608575049169,beta
299,-1.6289773376599397,-0.4563813031688882,beta
300,-2.573744386491891,0.9688315376026947,beta
301,-1.7089877367516317,0.5964656513986237,beta
302,-2.4889990617871973,-0.6483867949881337,beta
303,-2.2672076337929803,-0.3664039268484867,beta
304,-0.5542119975375615,-1.9558703069716998,beta
305,-2.0112560201130587,0.230536383525402,beta
306,-2.1652710745677517,0.11390105680145939,beta
307,-1.260016338571397,-1.4374047333305782,beta
308,-1.9690703055636856,-1.2685863076704071,beta
309,-2.93757307754878,0.07656720743477469,beta
310,-2.4331013811770914,0.4211228749603536,beta
311,-2.470449114187549,-1.0683421225746508,beta
312,-1.8887881298462659,-1.2843848560991984,beta
313,-3.023657754838338,0.48874208603159486,beta
314,-2.041812992986613,0.8826156791724934,beta
315,-2.2266626840814254,0.8124757623415049,beta
316,-1.4921073992442948,-1.3493454597012162,beta
317,-1.3094770972196448,-0.6874698925638287,beta
318,-1.9507046711541045,1.1538293136558115,beta
319,-1.7202442843344896,1.5447979646737717,beta
320,-1.976955717626602,-0.48282489349178603,beta
321,-2.057543989958325,-0.12395393079559602,beta
322,-1.8208254922411373,-1.210255421359107,beta
323,-1.657084330458151,-1.1188695186890922,beta
324,-2.189695329211702,-0.38237075260725956,beta
325,-1.8463746176883251,-1.0288069481747941,beta
326,-1.4670200627080758,-1.2601423913361964,beta
327,-2.3721166417757433,-1.2989183269109363,beta
328,-1.715914328942523,-0.21052296458241143,beta
329,-1.7214715145657344,-2.2631108394949804,beta
330,-1.9794149230857896,-0.6591890785117177,beta
331,-1.4324269370032723,-1.30878848918615,beta
332,-1.6835219664466026,-2.0893854774052194,beta
333,-2.5341813284378585,-0.47135130920070517,beta
334,-1.995076377736047,-0.7843138098103374,beta
335,-1.5561373523743531,-1.7454967404772743,beta
336,-2.3195249390722084,-1.6923873660931739,beta
337,-1.3225459672461284,-1.6632664206434153,beta
338,-1.0753314809137313,-1.231527805881369,beta
339,-1.6333675869362045,-1.1696967147889918,beta
340,-2.580719289404531,-1.8749437108488223,beta
341,-2.257203156709176,-1.6955048408447102,beta
342,-1.0256756465533383,-1.5763407569308552,beta
343,-1.7775965663000752,-0.6577692978435276,beta
344,-1.81431557756292,-2.111191411157797,beta
345,-2.829101449168643,-1.0477538927877839,beta
346,-2.2965031873867003,-1.498745032577375,beta
347,-2.4404970084455173,-0.3909978170950656,beta
348,-1.778772659847786,-1.4666379634836386,beta
349,-2.898458277696113,-0.4153420566451194,beta
350,-2.295728611410086,-0.15045546990675698,alpha
351,-2.1005253292395634,1.284651253399032,alpha
352,-2.310244335741655,-0.4007516646158866,alpha
353,-2.3767544728527517,-1.3222142029337398,alpha
354,-2.5226294312888937,0.1199471106238394,alpha
355,-2.6045967500265754,0.33726672242836525,alpha
356,-1.9472542141602642,-0.5528413622052839,alpha
357,-1.924662942318492,-0.2663744623329795,alpha
358,-2.0612625569926233,-0.8866603935065218,alpha
359,-1.518893634343399,1.4091273906410804,alpha
360,-2.1365965770785142,-0.5338644571346604,alpha
361,-1.1548753828378733,-0.5004623635412287,alpha
362,-1.9983867219128986,-0.6071712051172724,alpha
363,-2.3790247396353896,0.30035047495044803,alpha
364,-2.5332457731066538,-0.1349591407787674,alpha
365,-2.1096259656825045,0.09577416518171263,alpha
366,-1.8124324994244478,-0.30434794639637996,alpha
367,-1.433096270582315,-1.0019696441547916,alpha
368,-1.638800856739066,-2.4975584570044056,alpha
369,-2.7572512937272076,0.0898283768559796,alpha
370,-2.4506517391235576,-1.506370698629173,alpha
371,-1.664347232030204,-0.7260733673040916,alpha
372,-2.5459801976405103,-0.4063853321717486,alpha
373,-2.433126359152516,0.7672207396910469,alpha
374,-1.790288533446222,0.18332846657923255,alpha
375,-1.988027257451237,0.06171011351298741,alpha
376,-2.465026918124783,0.2666649591703733,alpha
377,-2.0726998676647694,0.581837937865764,alpha
378,-1.6635564602216373,-1.2830962213353043,alpha
379,-2.1607985681967734,0.5511260348920427,alpha
380,-2.1295003994416875,-0.01290683447597521,alpha
381,-2.511468957218054,-1.2824031934121163,alpha
382,-1.8683217006664357,-0.25793567128172096,alpha
383,-1.798661284299248,-1.1027093523192066,alpha
384,-1.273222074009344,-1.7082301247175153,alpha
385,-1.859908415350536,-0.6099691178772734,alpha
386,-1.784507560773045,0.262711421181411,alpha
387,-1.9928737831852383,0.9882403654198191,alpha
388,-2.6821841898394623,-1.2977580882215165,alpha
389,-2.44230187936212,-0.6707080433429565,alpha
390,-1.8546394864895155,0.2338406739567916,alpha
391,-2.386625384115855,0.0427706552851456,alpha
392,-2.51983522060659,-1.0113019050781316,alpha
393,-2.57359446353538,-0.6483441612538986,alpha
394,-2.287317828354973,-0.3109126910890747,alpha
395,-1.8739443194717462,0.7824780505895674,alpha
396,-2.5861246656067975,-1.2656276226515966,alpha
397,-1.7357958026142286,-0.285555331128935,alpha
398,-2.0848031455159832,-1.0022004846910728,alpha
399,-2.0539067398008912,0.7056279292511122,alpha
400,-2.540902877583141,0.13227491607646621,alpha
401,-3.059927159670793,0.16408500275408497,alpha
402,-1.6110776808551874,-0.20507489553320435,alpha
403,-1.5448217520319039,-0.7270173004094573,alpha
404,-0.8331558589234259,-1.456796847632865,alpha
405,-2.779883934258459,-0.7454518737980778,alpha
406,-2.1057965204216313,-1.012073482501737,alpha
407,-2.155665864962951,-0.3924871437951327,alpha
408,-1.5937642484751091,-0.16689958538544727,alpha
409,-2.3362925726970563,0.5927136240506191,alpha
410,-2.321560169251737,1.2415732473230074,alpha
411,-2.5596436087052923,-0.34128344034153535,alpha
412,-2.087892365331584,0.07465097175941365,alpha
413,-2.7640725916181275,0.17673377495965312,alpha
414,-1.1828558663347386,-1.5039966060362577,alpha
415,-1.8419076826928067,0.03596932671084902,alpha
416,-2.091386933591359,-0.1400274534456,alpha
417,-1.4594755335210312,-1.0006494741383456,alpha
418,-2.2270545317156643,-0.3341969102683964,alpha
419,-1.940001266995492,0.46191755254714506,alpha
420,-1.8688953523497662,-1.837594807369949,alpha
421,-2.772905118122334,-0.5949889797488263,alpha
422,-1.403529753655699,-1.6305437013034485,beta
423,-1.2802271742845064,1.242577447866564,beta
424,0.5084869218651765,-1.0921277003067558,beta
425,-0.1965065825070238,-0.43546688102513564,beta
426,-0.23081360664020292,-0.8036271484854839,beta
427,-0.43751366338923287,-1.0922786349465083,beta
428,-0.18617318774431635,-1.3629989749600744,beta
429,1.0767484500988658,-2.3896901858417134,beta
430,-0.20035067289968866,-2.1301876947824208,beta
431,-0.9285642500182155,0.21022392686190863,beta
432,-0.29895931374642293,-0.8976834174728362,beta
433,-0.42937666114659717,-1.562840195777777,beta
434,0.275358823550438,-0.09479884801352258,beta
435,-0.005692458568948604,0.5691629419978441,beta
436,0.4254626279699784,-2.115830599178277,beta
437,-0.015815608706153905,-0.6580088977453364,beta
438,-0.26647610838239755,-0.294496742197699,beta
439,-1.257596966016558,-1.6912025141129348,beta
440,-2.9275860644700678,1.1766442649220088,beta
441,-1.4744632089816097,-0.5812246230671142,beta
442,-1.7276993561834155,-0.44223934699196,beta
443,0.16434919278908489,-1.7935579268057933,beta
444,-1.3964501521992534,-0.06102182593413508,beta
445,-0.3302314066005524,-1.2045769134311157,beta
446,-0.20714905549089374,-1.5620465865879782,beta
447,-0.5964597369198514,-0.5035713877764635,beta
448,-1.7175906776049605,-0.43077010035243674,beta
449,-2.0214561392579253,0.4477980825770274,beta
450,-0.6844728231773454,-1.6190927410476055,beta
451,-1.883901716582867,-0.7587688767195595,beta
452,-2.4409198194105257,-1.374339296950363,beta
453,-1.731262475683009,-1.5379550495390284,beta
454,-0.4307201855642062,-0.9077425714965468,beta
455,-1.0991488199511434,-1.6647383106742273,beta
456,-2.698660652197538,0.6095606797793731,beta
457,-1.7464980228823734,-0.9374313489406597,beta
458,-1.4171859214200284,-1.6905505078249439,beta
459,-1.5756616880684016,-1.6235493617069734,beta
460,-0.5960892067450744,-1.4732856645763757,beta
461,-1.2056260421246248,1.75028005595091,beta
462,-0.05528456031602856,-1.6648970451368506,beta
463,-0.2565245217188986,-1.2744455959979466,beta
464,-0.45833604694048047,-0.8095286358316753,beta
465,-0.05305867391572796,-1.7690009279618966,beta
466,-0.7245113369808011,-0.8706323705305131,beta
467,0.408185870028976,-1.4561163206955514,beta
468,0.5964305027691471,-2.0441975128469716,beta
469,-1.6891946912331148,1.0655553760086867,beta
470,-0.4946004184351255,-1.214351924053645,beta
471,-0.4284367093023103,-0.8385023786745135,beta
472,-0.8435976494013828,-0.3603915129542757,beta
473,0.06824544876023979,0.2754798690843553,beta
474,0.7262599000737768,-1.28006365776705,beta
475,-0.6219446547979326,0.33406636015453167,beta
476,-0.5773144019656669,-0.4624051700574452,beta
477,0.1310735268845648,-1.951953331566866,beta
478,-2.749922744452855,1.4679335163559868,beta
479,-1.55714574288598,-0.6132396603107481,beta
480,-0.8057014178362285,-1.438364645921627,beta
481,-0.8799245282322503,-1.0913573840155357,beta
482,-1.5866294917418695,0.429382944754928,beta
483,-0.08159716682673558,-1.134557484922285,beta
484,-0.33109394443656803,-1.121717976201677,beta
485,-0.4090291532372678,-1.022518183784598,beta
486,-1.6585123557818842,-0.19351729217685845,beta
487,-2.2745585320871253,0.23845535050150946,beta
488,-0.24190927864302353,-1.3891554468342422,beta
489,-2.146349578732552,-0.15309531386527206,beta
490,-2.0257164111485157,-0.940819584030622,beta
491,-1.7977110757110033,-0.4638209260790015,beta
492,0.24358134970184428,-0.5610689205408643,beta
493,-1.2227142252682701,-1.5109611501617237,beta
494,-2.4096336272240824,0.46275785205958664,beta
495,-2.1688575838521906,-1.3939650064430704,beta
496,-1.5699001695892303,-1.3807329242732356,beta
497,-1.8395606243194584,-0.9148458062147629,beta
498,-1.3622793232081492,-1.620750392588847,alpha
499,-1.0935455630278303,-0.1282426301339488,alpha
500,-0.8970707483560894,-1.0309468491421194,alpha
501,-1.8225815420304379,0.9771461404487838,alpha
502,-1.3259156224960698,0.9320960435294924,alpha
503,-3.1530070705996374,-0.3697527085576931,alpha
504,-3.062860663060979,1.26157540801341,alpha
505,-1.4114776289881483,-0.28381754683688776,alpha
506,-1.4164276606625867,-0.3020902198318131,alpha
507,-2.7896104617217405,0.1676907724802157,alpha
508,-2.8054993826741716,1.0206579098529984,alpha
509,-1.9704887192295373,-0.9331172370871753,alpha
510,-1.6727784250159015,-1.789598873795793,alpha
511,-1.1973301800479659,-0.6280948703700122,alpha
512,-2.5120744525454266,-0.019314094761444967,alpha
513,-0.82677777782884,-1.1547175776244472,alpha
514,-1.521104045720428,-1.0367329328808534,alpha
515,-1.5735015908399923,-0.5362241784308255,alpha
516,-1.7626021884768808,1.478412919849985,alpha
517,-1.7464802519243092,-1.4306313535071002,alpha
518,-2.2010435236038193,-0.9814281893321548,alpha
519,-2.209097007763033,-0.9178490639209893,alpha
520,-1.7283261800054126,0.32326021689697165,alpha
521,-1.613440280077895,-1.233738923885259,alpha
522,-1.393200802305373,-1.3678483146620963,alpha
523,0.12534493822896237,-2.510815049568286,alpha
524,-1.4670812617927296,-0.007167400558128914,alpha
525,-1.8620811878914525,-1.6069287147682592,alpha
526,-1.5847118814137344,-1.6064467747751343,alpha
527,-1.8297154599587193,-0.00365681965749422,alpha
528,-1.5789530824025608,-1.096218113099746,alpha
529,-2.082765026283069,-0.29471559436850947,alpha
530,-0.879251016938322,0.8841788656718743,alpha
531,-2.2669740895228316,0.5288243505882009,alpha
532,-2.490534026099751,1.0095466646711686,alpha
533,-1.7577891809149038,-0.35827276246689127,alpha
534,-1.6682637623728143,-0.6276899633784178,alpha
535,-2.378178858429742,-0.441826835476718,alpha
536,-2.4123382986666915,1.086872633989175,alpha
537,-1.6393187527771818,-2.129335566683029,alpha
538,-1.8201029069163603,-1.0866405327702886,alpha
539,-1.23753231916435,-0.18934184392312448,alpha
540,-1.8194488637166322,0.33737893631602894,alpha
541,-0.8735211369721912,-0.8266592170868661,alpha
542,-0.9828165077803167,-0.9739394548746786,alpha
543,-2.153211616298913,-0.24086591094450227,alpha
544,-1.581154319459475,-0.5708745552613771,alpha
545,-1.8968439728216857,-1.1629581842798578,alpha
546,-1.9812770009417318,-0.546697465386301,alpha
547,-1.9516152669836202,-0.5168494780919857,alpha
548,-1.757613614127855,-0.7651576310820235,alpha
549,-1.9896159496746855,-1.0604574411510297,alpha
550,-1.1207646561948001,-1.4565845936187733,alpha
551,-0.4294909584315258,-2.19228077206977,alpha
552,-2.178414996283881,-0.6975034661960458,alpha
553,-1.9139998439581267,-1.1334791360900125,alpha
554,-0.387912639652524,-0.8831175283084278,beta
555,-1.9827588756776506,-0.6598667053943981,beta
556,-1.5564705509737529,0.2631093595380738,beta
557,-2.399303915611103,-1.5790992748694699,beta
558,-1.5701431675442823,-1.9823938030670625,beta
559,-2.4161434235407673,0.1310054902183076,beta
560,-1.330149004430555,-0.5371562874360486,beta
561,1.4303993005999522,-0.582031014819172,beta
562,-1.5343868640927951,-0.17494101952644642,beta
563,-0.9780047520272783,1.3588607322847874,beta
564,-2.2493438169706015,1.5172151846657413,beta
565,-0.7619784329202831,-1.4320457413239647,beta
566,-1.2685574805708788,-1.3890624159693676,beta
567,-0.6009121561047198,-0.8669477681618657,beta
568,-1.34245436602026,-0.6486708484780994,beta
569,-2.3631365558400916,-0.7409101738904216,beta
570,-1.9501578271278803,-1.0533989136673094,beta
571,-1.3513464242122881,-0.6949894201329941,beta
572,-1.7398223327165727,-0.02542137537979323,beta
573,-0.7793418690201074,-1.0079744370546202,beta
574,-2.0555438257730514,-0.49297431241989165,beta
575,-1.2585419235261164,-0.17637453342200765,beta
576,-2.1854883901972233,1.9061066456745224,beta
577,-1.6771245487322561,0.24513263437610983,beta
578,-1.0880677268927061,-1.2112452611399265,beta
579,-2.287080294688585,-1.17114880854576,beta
580,-1.931927521941467,0.43519152119903376,beta
581,-1.4821288320862038,-1.4840286286816577,beta
582,-1.4183019071644247,-1.2079290541679037,beta
583,-1.162580305006509,-0.37937324332699873,beta
584,-2.739735613604415,1.4513001336300966,beta
585,-1.205069166230837,0.2925194084788835,beta
586,-1.3305336200344038,-1.650949648911982,beta
587,-1.0665501589277817,0.187797331767872,beta
588,-1.6511795695849312,-0.8307449403399914,beta
589,0.007296647244716094,-0.6470945927516218,beta
590,-2.557787672868405,-0.059444896230070314,beta
591,-0.31172391105767144,-1.1406352722998554,beta
592,-2.0900290596334794,-0.7332849902474391,beta
593,-1.4249682078943338,0.5824621080314827,beta
594,-2.1778207830205543,-1.4202284541266161,beta
595,-1.87146306043141,-1.4298060425699555,beta
596,-2.3788934399339317,0.8358579455001229,beta
597,-1.4917477736046394,-0.2755935011201681,beta
598,0.6136700078404846,-0.667048107741188,beta
599,-2.1469206782312638,0.623841481260222,beta
600,-1.171088508393897,0.660138270429503,beta
601,-2.7197715006703236,0.3223451697044451,beta
602,-1.3054975561436997,-1.784343743472724,beta
603,-1.1554166211364751,-1.422960651665913,beta
604,0.09736623281122386,-1.529951407029809,beta
605,-1.1753614563376331,-0.525410149137197,beta
606,-2.2451031779849013,-0.34868995348788434,beta
607,-1.9075075946597497,-0.8621277988195,beta
608,-1.5274395593966772,-0.7958421649005142,beta
609,-1.5031378373593054,-0.019667619526309296,beta
610,-0.8069765902436971,-0.7015035722451748,beta
611,-2.1679943203160987,-0.03236912588938107,beta
612,-1.6334935805140258,-0.4766667385762368,beta
613,-2.339862199793701,1.9330520623841498,beta
614,-1.912074392992477,-0.4449515511521366,beta
615,-0.7835220336559627,-1.2430824355120456,beta
616,-2.309060609965055,-0.6203355220657555,beta
617,-2.006305397691185,0.48359773622285124,beta
618,-1.5663568436121535,-1.4975927294411084,beta
619,-1.632966803183368,-0.09550296634301979,beta
620,-1.1868073300746236,-0.3461436678226053,beta
621,-3.036157718403012,1.3795940915448077,beta
622,-1.6663866349376664,1.0648398654402518,beta
623,-1.3562112669528341,-1.4653249388492975,beta
624,-1.2474194321513246,0.21625519428002438,beta
625,-1.592609176360442,-0.6769138541906742,beta
626,-0.20614199649176412,0.3574407161407521,beta
627,-2.741442872779598,0.12290078823442609,beta
628,-1.9733775470238748,0.15463489303746902,alpha
629,-1.5300245856150618,-0.8185768777554759,alpha
630,-1.9337341170026838,-0.6519515009720692,alpha
631,-2.204524960245386,0.2598033017846607,alpha
632,-2.115719870109537,0.059307289373912955,alpha
633,-2.5215220360117843,-0.04253879437400238,alpha
634,-2.7303265951062925,0.05040222543552002,alpha
635,-2.416213909664819,0.5701716445685544,alpha
636,-1.1879042644260036,-1.7406769633940138,alpha
637,-2.2080831842978155,0.04858053098363,alpha
638,-2.767975917409349,-0.5189546461167133,alpha
639,-2.081004504353452,0.8206034161145166,alpha
640,-2.1887672666985902,-0.49683926501141146,alpha
641,-2.7075129769554285,-0.09989801949419787,alpha
642,-2.34279370754209,0.3885198482976962,alpha
643,-1.25811911340095,-0.7337784856726228,alpha
644,-2.03229249094392,0.024996906524369745,alpha
645,-2.5590789815269943,-0.3478674676823504,alpha
646,-2.1720726160154364,-0.23242440183785862,alpha
647,-2.386967525213977,-1.0277989143697313,alpha
648,-1.919201953003991,-0.7592948234271413,alpha
649,-1.723034415086149,-1.3293336809641703,alpha
650,-2.494285897933187,0.3128215755555891,alpha
651,-2.121956573475127,-0.05627963730380362,alpha
652,-1.9796045386748817,0.0892727990268492,alpha
653,-2.366152597120053,0.3538459758253274,alpha
654,-2.258785835591582,0.27677319032929576,alpha
655,-2.472077258251621,0.32581992181607733,alpha
656,-2.7571433483269234,0.023759597858468973,alpha
657,-2.6572605845023727,0.9782843600610801,alpha
658,-1.8429517937727824,-1.6790292079158589,alpha
659,-2.0620766759040383,0.35414754491191897,alpha
660,-2.407403445476071,-1.1162740254407906,alpha
661,-2.177829014306744,1.346252518665806,alpha
662,-2.552563554917832,0.18156587810577007,alpha
663,-2.339824753026969,-0.14532405365049283,alpha
664,-2.180680317548409,0.6347236048466548,alpha
665,-2.097673221540477,-0.3628448044482355,alpha
666,-1.7949655116508036,0.07548416853399169,alpha
667,-2.538101097468125,0.5751926028628407,alpha
668,-2.023025278124192,0.14757798955051174,alpha
669,-2.1448828772394566,-1.0994239110776973,alpha
670,-2.3274031057699776,-0.6365441215158314,alpha
671,-1.4423966801594565,-0.5750962711529453,alpha
672,0.10847325730211582,0.40774921066424874,beta
673,1.9612615862672498,-0.6611250876634119,beta
674,1.637149437750313,-1.4335674768416335,beta
675,0.15901883254835267,-0.5726032415975184,beta
676,-0.5755811175431214,-0.7273291443482031,beta
677,0.3211394045054628,-0.8018795874508894,beta
678,-0.6427451867476406,-1.4448503236435246,beta
679,0.0492238106666384,-1.7492102754482317,beta
680,0.06876474348801434,-0.9978622644719288,beta
681,0.6936796726463088,1.0866231108918671,beta
682,-0.13479549465991275,-1.8757773324031637,beta
683,0.030888979437027175,-0.5887056722500495,beta
684,1.2987332300015055,-1.7312299615596598,beta
685,-0.14845977276022618,-0.8437946799311711,beta
686,0.7092196659276471,-2.1645929597449514,beta
687,-0.12804988806781928,-1.5767270995162908,beta
688,0.25912077334274464,-1.9933354973192425,beta
689,1.0662803950606727,-0.7508996093749585,beta
690,0.7389014479813193,-0.5254767067270486,beta
691,2.4462962963701522,0.9957502732241632,beta
692,1.8930924025473979,0.3295844017123475,beta
693,1.9709723694360213,-1.558013556484717,beta
694,3.448520765512425,-1.7472067644644358,beta
695,0.2641184572980446,0.5639891865412191,beta
696,1.412441321046882,-1.7445720001738891,beta
697,1.3874290928863962,-0.5505872024614469,beta
698,0.8155610951119933,-0.564263966458366,beta
699,0.11619398691677625,-1.4073939888323443,beta
700,-0.3343261147060597,-0.747236985827126,beta
701,-1.2117851928902967,0.13478533738846166,beta
702,-1.2086254574396142,-0.6422134306461532,beta
703,0.8263095869194984,-1.147861145552903,beta
704,2.644331889910903,-1.583885752343183,beta
705,1.8706127689405971,-1.3910271492391584,beta
706,1.0594031721191044,-0.5965694306342884,beta
707,0.8446010626704349,-0.6002736869955125,beta
708,1.5071224828106509,-1.1403551117706063,beta
709,0.7508499667995031,-1.430336344755428,beta
710,0.18935898416340227,-0.3201086124813402,beta
711,2.0920615872095465,-0.6782886386554633,beta
712,-1.1991836773390943,-0.13575727574190227,beta
713,-0.3204067609232874,-0.7086590908091942,beta
714,-0.23207362958832234,-0.09444562243542108,beta
715,0.3568226709332136,1.5127610808943812,beta
716,2.3270892633176867,-1.818074432844237,beta
717,-0.6483950322469246,-0.25616284390747973,beta
718,1.8397643612311205,-1.3907957242994757,beta
719,-0.25993733874037656,-0.16264456679575046,beta
720,1.5350860359407577,-2.152009759065285,beta
721,0.06732325116752765,-1.695164935918395,beta
722,0.32677280702214395,-1.2991525709816034,beta
723,0.606367017552807,-1.0924445730772991,beta
724,2.020700636257568,-0.4826606857351603,beta
725,1.1940065071099573,0.11196907296376542,beta
726,1.4421280453032541,1.7469483582041656,beta
727,1.6390858815839784,-1.0348257778009635,beta
728,0.4235203978072439,-0.730459874834988,beta
729,0.8040633479851341,1.532416048202073,beta
730,2.906546297759924,-1.9115301283298358,beta
731,2.7293930194074676,-0.49531473317335245,beta
732,-1.9557053390392962,-0.3084151286774849,beta
733,0.3542921732241327,-1.1440373062009783,beta
734,0.3463757367322413,-1.4211448946921763,beta
735,-1.5093009267515682,-0.15266697136215546,beta
736,-1.4700159336318708,-1.2118555938209974,beta
737,0.235329209645623,-0.4406854065534714,beta
738,-1.2630767909109106,-0.5957274932224987,beta
739,1.3985457288585923,-0.635313115458102,beta
740,-1.8460840859227579,0.7467727739746924,alpha
741,-1.1961570305116602,-0.738688771046029,alpha
742,-1.838443432123756,-0.7326002247887461,alpha
743,-1.8805725194843814,-0.6630867791829449,alpha
744,-0.915770250059902,0.20630252310656982,alpha
745,-1.1298061710210257,0.02066958534819655,alpha
746,-1.9809035319402468,1.4103959572036318,alpha
747,-0.03206848736459739,-0.535634525543785,alpha
748,-0.3758329445601653,-0.4785659839437449,alpha
749,-0.21701180161788056,-1.2329472691735084,alpha
750,-0.5653001095387608,-1.012746473409838,alpha
751,-1.0558529593683608,-0.1957078542735856,alpha
752,-0.7947237581582114,-1.2688720869918932,alpha
753,-0.21471276329723626,0.3198544494497286,alpha
754,-1.562119403304153,0.5143526027969539,alpha
755,-0.9076359086379006,-1.388882527293942,alpha
756,-0.28576650994123015,-0.4253129182651932,alpha
757,-1.4578022145207525,0.5321897225292742,alpha
758,-1.9711534118557168,0.645948012454233,alpha
759,-1.8167295506300174,0.4641018249065984,alpha
760,-0.944218220323103,0.35103769862149925,alpha
761,-1.4281008432611726,0.20232662723280656,alpha
762,-1.9051854531131587,-0.49977955093943505,alpha
763,-0.5365696902358866,0.7668368114683504,alpha
764,-1.3476003777255376,-0.14362626240455914,alpha
765,-2.4851244882233794,1.1501625508851365,alpha
766,-0.5410450407882937,0.35406110265904456,alpha
767,0.22713370460132992,0.007137954452634167,alpha
768,-0.7015286657441556,-0.06899986196395336,alpha
769,0.7845834527453625,-0.9997272084212515,alpha
770,-0.4304611127289451,0.4128483282083793,alpha
771,-0.7767477058213051,-0.8497315876826245,alpha
772,-0.09973930120340631,-0.5249163729152353,alpha
773,-0.9286769682989859,1.3407793940317496,alpha
774,-1.235430328379016,-1.5678196171042176,alpha
775,0.30483846387541486,-0.9880886505064022,alpha
776,-0.6245650811792365,-2.635122565171047,alpha
777,-2.667421606624047,0.5960700112632301,alpha
778,0.5026674844350747,-0.32148702993919265,beta
779,0.6734406389290422,0.5142259724681979,beta
780,-0.32089574861461334,-0.8652593211948334,beta
781,-0.7421220210721802,-0.43188797158090425,beta
782,-1.9553960033346431,0.8312384155940399,beta
783,-1.2896133347740812,-0.4143416662209175,beta
784,-0.8617778071300377,-0.32935828525728206,beta
785,-0.5570930089432554,0.7780177526277171,beta
786,-0.16152185738596544,1.4370492185800776,beta
787,0.8702264674444485,0.09349598895394114,beta
788,-0.3525150917567009,-0.46299640776422835,beta
789,-0.2678428918196016,1.621394674034754,beta
790,-0.6497761919310181,1.4653722165536203,beta
791,-0.19640110004992783,-0.10305150544126246,beta
792,-0.47522176566484714,1.2724737350153827,beta
793,-0.6059240484093851,-0.04060786574398567,beta
794,0.4397040551799031,-0.39530244542663495,beta
795,-1.7678498023536489,0.5906538563516247,beta
796,-0.9266669857672954,-0.41210049566662593,beta
797,-0.7770216872257568,0.876968908118632,beta
798,-0.2913556107948185,-0.7600286702847522,beta
799,-1.592553375452836,0.6731989998394939,beta
800,0.5721592596207398,-0.8685733096894123,beta
801,-0.46547404313063573,0.7834003675757848,beta
802,-0.01987785979319987,0.5873051151156509,beta
803,-1.2346030874145262,-0.9702739525679477,beta
804,-0.4760439173634025,0.3533794369692185,beta
805,-1.1952973311433879,-0.6223212653434429,beta
806,0.4557078886712149,-0.21698778586528425,beta
807,0.6494928458592961,0.4023605484744177,beta
808,-0.2838234066080721,-0.8272344521978361,beta
809,-1.0006953605295095,-0.4172470066947354,beta
810,-2.0000704986560964,0.9226291719395978,beta
811,-1.0697352029272302,-0.17142399517314108,beta
812,-0.36036180663641726,-0.07144456053951183,beta
813,-0.6355980059502695,0.7562128744329119,beta
814,0.16226610626387192,1.9132823467598823,beta
815,0.5687789433933992,-0.10365041483642685,beta
816,-0.6990156084800709,-0.49722108219153643,beta
817,0.3241268064518208,1.0844655328519992,beta
818,0.45926391307921105,0.9144757925757472,beta
819,-0.7725163806548301,0.14979987671231665,beta
820,-0.6129981173870548,0.907996994738261,beta
821,-0.6147437615250079,-0.03421304803824294,beta
822,-0.2961637323221737,-0.2543409141332411,beta
823,-1.6987989967374508,0.44873758281214793,beta
824,-1.1442559746268854,-0.16492706725551384,beta
825,-1.5990698640815222,0.7087376552428138,beta
826,0.8057714221404179,-0.37138537226699037,beta
827,-2.111636477559773,0.21138278242514463,beta
828,-0.550047841235707,-0.37805174566228533,beta
829,-0.14053368647561776,0.09755977871196507,beta
830,-0.14381217451446524,0.038011223263085314,beta
831,-1.4702410552879672,-0.4081989000818224,beta
832,-0.4453610820006427,0.9149523817374732,beta
833,-1.4634148036495986,-0.27525756352568387,beta
834,-1.3347762173258058,0.14224969844465288,alpha
835,-1.4698457497043118,0.17268697437502156,alpha
836,-1.3761454624114557,0.9265355708536388,alpha
837,-1.2799791794405098,0.5250866556878634,alpha
838,0.13040405033766747,-0.5783845853288538,alpha
839,-0.3057775346144755,-0.8637966383737224,alpha
840,-0.6018167278179792,0.11571231193487824,alpha
841,-1.1008886603327712,0.37452579755770143,alpha
842,-1.3441061721715275,0.5048806146357637,alpha
843,-1.5739085323278625,0.19521757183291671,alpha
844,-1.5345528644915833,1.284492182219526,alpha
845,-1.3157384025888084,0.23229881353366552,alpha
846,0.30660235575302547,-0.47840271307258997,alpha
847,-0.8146686777862084,-0.2450383653901757,alpha
848,-0.3685722901372372,0.1588870260156131,alpha
849,-1.2169148467655464,0.09553723547451923,alpha
850,-0.36024207773678,0.2741939589016482,beta
851,2.4370752433431173,0.18712853566872256,beta
852,1.650815859319851,2.3651053758296885,beta
853,2.554348470867541,0.9026664628818658,beta
854,1.1594192347907755,-0.6679895062934119,beta
855,0.23799647918762118,2.2661854808168536,beta
856,2.842532994277877,0.4230261378889119,beta
857,2.5826836409553184,0.9863708656474264,beta
858,2.5810389963296707,0.4243356845396502,beta
859,2.2903440046551937,0.8800635238961007,beta
860,2.600230313893392,0.7542335862469267,beta
861,2.244091535548531,1.00262855137122,beta
862,1.8314365980225487,0.6280509436430686,beta
863,1.254019429054793,0.504313192835849,beta
864,0.9193481475593452,0.5293124196862398,beta
865,1.3862079125847748,0.0906449813503486,beta
866,1.73613685549984,1.167022349844275,beta
867,0.31014803469030466,-0.9907472692697997,beta
868,2.779493229474461,-0.7379759311561715,beta
869,0.7691642780078269,0.34743924365968176,beta
870,0.3113771224114886,-0.03408469681543043,beta
871,0.8581429911728886,0.8927644902831521,beta
872,-0.4240561539306658,0.9851135039825845,beta
873,2.62150841235216,0.4349409803047949,beta
874,2.3443600277288383,1.9421945428867626,beta
875,0.24140335049121958,2.1946918296165503,beta
876,2.800948108038587,0.7148019976821158,beta
877,-0.19536085656239086,1.1199197050229814,beta
878,2.8371689089778283,1.0590336047826983,beta
879,2.24508807131527,1.75141874378533,beta
880,1.6745361488103105,1.195864851142161,beta
881,0.19572693495763763,1.7042471006808795,beta
882,1.155811034864911,0.8311396554809203,beta
883,3.0632195491230254,1.4453388569158327,beta
884,2.146947163065048,-0.08515215277662042,beta
885,0.9904545497599321,1.0200964898338751,beta
886,0.2497394676609376,1.6456065799298745,beta
887,2.6840828521456026,0.8912914219094369,beta
888,1.9071058268561476,1.1716316848999049,beta
889,0.5288733645937949,-0.24087734136584743,beta
890,2.366936039948682,0.37559214058873713,beta
891,1.1176495575123329,0.6198847097643189,beta
892,0.6564090879083347,1.4518049455422275,beta
893,0.44319252105574425,1.1531543010657608,beta
894,0.7592213721142094,0.8972611287278311,alpha
895,-0.12130186056169454,0.40489761055137324,alpha
896,1.6629631254811696,1.0992980193081516,alpha
897,0.23638880284982236,1.9140290290843518,alpha
898,1.3956678246872434,0.8127124647896714,alpha
899,1.4159559848376386,1.2286055493533115,alpha
900,0.4403270967216033,2.3546093721419434,alpha
901,-0.20257634558043344,1.6766857981575283,alpha
902,-0.22312257807398536,1.7249298067531111,alpha
903,0.06950520073036277,1.7093643898742577,alpha
904,1.2439567303774237,0.7069202590807678,alpha
905,1.3428088072387476,2.1824705854036353,alpha
906,-0.38067299896391266,2.1281862926870785,alpha
907,-1.1924619310637932,1.0242096491082255,alpha
908,0.16499853126590777,1.9327472171615685,alpha
909,-0.1949847363592469,-0.16954247370071207,alpha
910,-1.2469894603568032,1.9129326074254942,alpha
911,-0.3395322896126062,-0.40098831425790726,alpha
912,-0.22366438425816712,1.9004003173003827,alpha
913,1.20064539499163,-5.747588705102488e-05,alpha
914,-0.0850286473384368,-0.08176103311695886,alpha
915,1.3566468617357086,-0.5853935389950422,alpha
916,0.6895100804125551,0.3020096954002637,alpha
917,0.40401303458825605,0.9999164908331745,alpha
918,0.4883147348647352,-0.25099189883499573,alpha
919,0.787567334033322,0.6990925919512788,alpha
920,-1.3654874316169021,1.1332243370527377,alpha
921,2.316425393989405,0.3899423343731472,alpha
922,0.5314038872316657,1.5867995535956871,alpha
923,-0.014870360411302495,1.0304325784929025,alpha
924,1.1700838130881863,1.4425074297835578,alpha
925,0.25047272278437105,1.3492132021779872,alpha
926,1.1076360571135533,1.3402464334044093,alpha
927,1.098952122182073,1.1781508773833431,alpha
928,0.768523431973887,2.668529643563313,alpha
929,0.8097637273689198,1.3914501751781971,alpha
930,0.8659922411356887,2.0587654370548574,alpha
931,0.05731063091243154,1.7041451750645058,alpha
932,0.17912946695320334,2.1441519016893857,alpha
933,1.5142744169645932,1.5837078270519045,alpha
934,1.2667888678602446,1.1650051256758365,alpha
935,-0.14529805098623685,2.0162811533424714,alpha
936,-0.973030229928192,0.8625677953023978,alpha
937,0.17394142759485778,1.4346434930549412,alpha
938,-0.49529642007504293,1.083929102020491,alpha
939,-0.9804828403575239,1.4249674724574717,alpha
940,-0.25308107766992366,0.830308555554613,alpha
941,0.263251140433222,1.8525397148882685,alpha
942,1.3810561106236132,0.0844927298038816,alpha
943,-0.6277706018152214,1.3546499650883022,alpha
944,1.4340862253115334,-0.2631746634523556,alpha
945,0.7846209614105486,-0.1998973121296574,alpha
946,1.3010970376234483,0.11803357095460093,alpha
947,1.0130032611320876,0.9792697189606699,alpha
948,1.14220346976463,1.585550993839067,alpha
949,-0.8647216167142722,1.3316351288496011,alpha
950,1.9698576397440781,2.1629585438159764,beta
951,3.0727191215209553,0.03574163643105884,beta
952,2.3027080036616416,-0.39121414900359475,beta
953,1.0643863904907467,0.7904300785050243,beta
954,2.33918160989922,0.5144025747645119,beta
955,2.737663762253761,0.07859967947962901,beta
956,0.8958773364107829,-1.6604324519986695,beta
957,3.043930050935584,0.13920550569652917,beta
958,3.173724322641565,0.40527749930671064,beta
959,3.673463381975957,0.4422773234568279,beta
960,0.9117039123902333,-0.43567218828141685,beta
961,1.4625833962144905,-0.7978578448390753,beta
962,1.2875251053414656,-0.48303823741194307,beta
963,1.232332277047245,1.4383792166736322,beta
964,1.7510657786699562,0.2387498520484118,beta
965,1.4051722142358671,-0.5597732081885325,beta
966,0.4467461603538843,0.39599479990113023,beta
967,2.3290515133259007,1.5410798157179524,beta
968,1.0835850265618672,-1.5970844983277357,beta
969,2.019798434327811,-1.2557776145960653,beta
970,1.9584138594374123,2.016762575946572,beta
971,1.8564306153824526,0.5111960032577089,beta
972,0.20090407464011767,2.0389403847112373,beta
973,2.8722756284235915,1.064300201040184,beta
974,2.544683786288444,1.0680339251284745,beta
975,0.9570207955968095,0.6872009428931464,beta
976,2.9375270926911865,0.021388526558337128,beta
977,2.6491921465838217,1.2255694578633527,beta
978,1.1634746887595877,1.1790262652080974,beta
979,-0.0623239489851831,1.3825930085380622,beta
980,0.9051324209502197,1.0581600982096775,beta
981,0.7990948960705923,0.36590430785561334,beta
982,2.2952645720444607,-1.298943584090644,beta
983,2.5312121525745415,-0.15928757698264648,beta
984,2.369330282452858,-0.13142758431026036,beta
985,2.3696666480246713,-0.09457411193379577,beta
986,2.2654235814171204,1.3003792764575235,beta
987,0.7135430609296267,1.174153281725187,beta
988,1.6572330987346537,0.412405397517457,beta
989,1.8928696838008,-1.979344834470105,beta
990,2.796606792278345,-1.37727956443532,beta
991,1.050802028548853,1.7937756573158274,beta
992,2.3991968348218378,0.3644941321060998,beta
993,2.942378616167823,-1.230261158454525,beta
994,2.482282525350084,0.045083142787793656,beta
995,2.0945428033102806,0.11832432845058775,beta
996,1.5097625865255935,0.4139664570262857,beta
997,0.9408062853382549,1.6962009035916275,beta
998,0.6601946221912994,2.2682566638177657,beta
999,2.4399509248511166,-0.666158738713466,beta
1000,2.3217930139915164,0.8469853502535095,beta
1001,2.49264951776361,-0.27645934053658944,beta
1002,0.06586603692165417,1.587498142806437,beta
1003,-1.3619229943972941,0.6436811071257417,beta
1004,0.5297062344031729,0.7340031115185668,beta
1005,2.84941264117112,-1.7384357754771291,beta
1006,1.3403669664097868,1.0148943496769378,beta
1007,-0.3574987232906344,1.8061363574410287,beta
1008,2.2282860673064024,-0.5673136016847006,beta
1009,-0.11191953086429081,-0.2146752766849317,beta
1010,-0.7532083713344291,2.233133648424652,beta
1011,-0.9459201047404864,1.7104769723914977,beta
1012,0.22289611506017376,1.2655308817558908,beta
1013,0.6639942972009495,0.2975309473636505,beta
1014,2.041929866337694,1.7014663978616136,beta
1015,2.324589174074464,0.6285264297517204,beta
1016,3.546762895976199,0.2090197063246529,beta
1017,1.1940691839795383,0.6693123402747408,beta
1018,1.439925383501891,0.859351825183293,beta
1019,2.4292675957057366,0.24255570832117218,beta
1020,1.779523469305424,-1.4644208611473013,beta
1021,2.8439879114841746,0.8993286751129922,beta
1022,3.1087956050068177,0.7112598165360988,beta
1023,2.910652059275836,1.0112422767988871,beta
1024,1.0636649537232095,-0.02146564965928778,beta
1025,1.0128849904930228,-0.5387415159214847,beta
1026,1.4814516635972075,0.23741850253414845,beta
1027,1.5936737008889117,1.7011613606004488,beta
1028,1.3830213452434097,0.3049486272763872,beta
1029,1.6752179509558565,-0.2775746948328642,beta
1030,0.8178434387118625,0.6394664305378258,beta
1031,2.453382791707679,1.7210455265396152,beta
1032,0.930557972541417,-1.817459795699032,beta
1033,3.785006646300965,-1.4440486574159592,beta
1034,1.4242966189923785,2.0802264875713377,beta
1035,2.214796470774713,0.9749470644055129,beta
1036,0.4907752860396484,1.5998844384845796,beta
1037,2.7928601072294996,1.2334088986131586,beta
1038,2.342946696573538,1.5936740944922263,beta
1039,1.0300268276294315,1.1933663313351695,beta
1040,2.180288064739788,0.0313472896877121,beta
1041,2.274297487532569,1.3735390161671404,beta
1042,1.385596595416846,1.5365722572107872,beta
1043,-0.07644501373672079,1.4986185966177867,beta
1044,0.8367287988234174,1.5063495627678818,beta
1045,1.9395785695247971,0.07864448944010431,beta
1046,2.684108626422145,0.38049548177510656,beta
1047,2.116022468962021,0.035885579791739904,beta
1048,2.064124114273231,0.4691864578382354,beta
1049,2.4007875144636244,0.4557713588966521,beta
1050,1.9958115233532587,1.6270517235252175,beta
1051,0.5267488770639003,1.6217991988000895,beta
1052,3.3534286225072067,0.5149588727269496,beta
1053,3.6357680255320126,-1.467338166011084,beta
1054,2.6384932174394624,-1.1406445039663429,beta
1055,0.9889221885924983,2.0373668173914155,beta
1056,2.19883820535706,-0.003406254182523889,beta
1057,3.2910816222847314,-0.7787589781525259,beta
1058,2.272542034756585,0.446106792071309,beta
1059,2.3486264145558247,1.0170089438417327,beta
1060,2.6354187308560175,0.6616353076659311,beta
1061,1.347552411657045,1.4436743921376118,beta
1062,0.1072082488319272,2.304668262086402,beta
1063,2.2590531328847225,-0.0649950038355323,beta
1064,1.5360781254828237,0.5084381775009225,beta
1065,2.5800130035714277,0.7017629774981692,beta
1066,0.3714908969173771,1.6196956187639362,beta
1067,-1.2144428446067794,1.3654659646792016,beta
1068,-0.06864846883166514,1.5033881104909228,beta
1069,2.36992366360294,-0.7878332021562023,beta
1070,1.4434091989285556,1.2210810485790469,beta
1071,-0.25182211167009555,1.8639769533857435,beta
1072,2.777449084510492,-0.01301676228445183,beta
1073,0.02383538202475292,0.5752013179241139,beta
1074,-0.26653114271102984,1.973481414563964,beta
1075,-0.7588233553259192,1.6259214810635336,beta
1076,0.4393303586235048,1.298986605572375,beta
1077,2.2080163221090037,0.25362374614803174,beta
1078,-0.5137844454870274,-0.973808909623927,alpha
1079,-0.6687508824082162,-0.1455086698883612,alpha
1080,-0.8597571804150517,-0.06883805196112235,alpha
1081,1.194338816107412,-0.19363385136115782,alpha
1082,-0.13837235084477817,0.07391188539542735,alpha
1083,-0.32419473934560195,-0.708890699277703,alpha
1084,-0.008452238015841666,-1.2136595511822952,alpha
1085,0.07351787700497281,0.031635893306130286,alpha
1086,-0.015830601126458923,0.935937535749237,alpha
1087,-0.31403244598680874,-0.09460503697955884,alpha
1088,-0.14900614438697657,0.06448736035384371,alpha
1089,-1.362718592555256,0.1349894398301393,alpha
1090,0.6387313707688101,-0.13161556239222422,alpha
1091,-0.110421999273565,0.7961217024114199,alpha
1092,0.48976786605402367,0.16662004222256763,alpha
1093,0.4711590859323832,-0.017840606185063695,alpha
1094,0.03772815729071798,-0.23675584098455538,alpha
1095,0.6747667749465179,0.39257190422324995,alpha
1096,0.2001255324837591,-0.6138919301094861,alpha
1097,1.1318127780285376,-0.4156627736273448,alpha
1098,0.38298654442934965,-0.7971515689471216,alpha
1099,0.8091440705060067,0.5785544460053467,alpha
1100,0.37750602123414917,1.2473738628113855,alpha
1101,2.7930503614982576,-0.2751111981637992,alpha
1102,-1.1844963644901292,1.7138192867836692,alpha
1103,-0.6249367753780172,-0.7406113554597406,alpha
1104,-0.6579681392666628,1.0670058099554491,alpha
1105,0.5787258487290597,-0.8645285242827138,alpha
1106,-0.12060074703247008,2.0960756340910582,alpha
1107,0.48976786605402367,0.16662004222256763,alpha
1108,3.1932817997930223,-1.6444269584335667,alpha
1109,0.12272354839768569,0.9586208671519777,alpha
1110,-0.2003674002895991,0.13997466741238576,alpha
1111,0.31662354767698603,0.40051890283178593,alpha
1112,0.967517947398711,0.309657602484401,alpha
1113,1.6679322890216415,1.396204026341202,alpha
1114,-0.41285819047549177,0.3254049240405384,alpha
1115,-0.5130358845194627,0.8766554087589933,alpha
1116,-0.9962288403557384,0.9891492515958981,alpha
1117,1.969361986634859,-0.3461424456940236,alpha
1118,-0.4922838119834843,0.9119955621180792,alpha
1119,-0.037418306195113805,-0.001715395664154638,alpha
1120,0.001135505651263085,-0.1692837571424363,alpha
1121,-0.08477372526086877,0.8760242244037222,alpha
1122,0.032621903826322664,1.231931384500392,alpha
1123,-0.12052797906294711,0.6577131445066985,alpha
1124,0.024475051353068728,0.4799068537562607,alpha
1125,-0.915551343220067,0.975799683234575,alpha
1126,0.19614303698904706,0.5926585657764434,alpha
1127,0.35996667495924684,0.9295079279198424,alpha
1128,1.3404079285297,0.4470160012540541,alpha
1129,0.9148604012180309,0.8253541713528023,alpha
1130,0.2135923864247775,0.2378556034256893,alpha
1131,0.6961030922650281,0.9507600557608054,alpha
1132,0.19209812184377636,0.2715921482073412,alpha
1133,1.1770619304182328,0.261750955889416,alpha
1134,0.3910311931804202,-0.06434596853376899,alpha
1135,0.958680919611292,0.8737374182709643,alpha
1136,0.371872368822685,1.2519546427193764,alpha
1137,2.5856131672482467,-0.25045912241412693,alpha
1138,-0.5923644691131199,1.4484338587815333,alpha
1139,-0.5672340468852892,0.06285647176113733,alpha
1140,-0.5574762953934982,1.3328385594290397,alpha
1141,1.1892701815691988,0.013661888287622086,alpha
1142,0.26695831067070164,2.124247002806779,alpha
1143,1.3404079285297,0.4470160012540541,alpha
1144,2.5529418420298478,-1.322580735852037,alpha
1145,0.2901498430988076,0.6274103396801883,alpha
1146,0.0550081766690426,0.32946898654330636,alpha
1147,0.48204215224642843,0.4804011037548239,alpha
1148,1.25161012629055,0.2760749755808919,alpha
1149,1.7243114911949804,1.7530166229624065,alpha
1150,1.9083331580801925,0.8523959246599898,beta
1151,0.23674633677484633,1.8606447975981875,beta
1152,-0.09210282506752654,1.4313633959060215,beta
1153,2.375359635005211,-0.47346575968645815,beta
1154,2.0875192425683315,-0.49569324537931875,beta
1155,2.2526191908304147,0.07526684761861104,beta
1156,1.508396310229728,0.14694268291517557,beta
1157,1.970721382596168,-0.3302323576002692,beta
1158,0.963001645330248,1.5520601145939101,beta
1159,1.947333695175928,0.5621304145740229,beta
1160,1.251708959581517,-0.8616256911786808,beta
1161,1.2669770284437283,0.35962188264866096,beta
1162,1.0937253751008262,0.6010006970710021,beta
1163,1.632073949146447,1.6671479008469758,beta
1164,1.0719963274588584,1.5643816922762588,beta
1165,0.8229395591121553,1.558714003637519,beta
1166,1.0269246525607754,-0.17636727483454395,beta
1167,0.7846408068993783,2.381444786750011,beta
1168,1.5811116678090873,-0.8626417058552315,beta
1169,3.2930924932842625,0.9098034096169226,beta
1170,2.2827997239186244,1.206144220998865,beta
1171,1.0245375208308998,0.5297400211855239,beta
1172,2.452344533871755,-0.35083741996106516,beta
1173,0.15219199492176427,2.215050878172712,beta
1174,2.023578630050798,1.9292810670461713,beta
1175,2.58476586010893,0.6624206361979316,beta
1176,1.256587361758939,0.37670161324771567,beta
1177,1.8100119648268547,-0.6772604656459226,beta
1178,1.9677922330359574,-0.46405346042632756,beta
1179,1.3080551993563119,1.7651238296538436,beta
1180,2.0638932439083826,-0.6272304022022492,beta
1181,1.5971557220505803,0.43301573691957873,beta
1182,0.21318991676583454,2.241581674989559,beta
1183,3.312455664384108,0.516743643568987,beta
1184,1.0534090383675343,-0.2168574585739247,beta
1185,0.0826793038854317,1.4149455282053838,beta
1186,0.7741750681349004,0.2438230339077472,beta
1187,2.0638836179378077,-1.1813367249962223,beta
1188,0.9496124151035811,-0.6345385805005003,beta
1189,2.9610409646187477,-0.11779757987684118,beta
1190,3.103546070669966,1.3440581461666523,beta
1191,1.954704442901456,1.9024973381422356,beta
1192,2.1629048176665204,-1.0104122941945939,beta
1193,0.10189982572909395,-0.026025958899979915,beta
1194,0.9920025098312004,1.711353251007712,beta
1195,3.160999985244941,-0.5834586240021084,beta
1196,2.4635885437497107,0.4148869523906236,beta
1197,1.0950257465153947,0.5500916585440601,beta
1198,1.1485519532596897,-0.25478081164728134,beta
1199,2.4698409489010698,0.8569248643305211,beta
1200,1.2993251009759115,1.4743469882473994,beta
1201,1.0643332317277645,0.38782826353887717,beta
1202,2.6807459375568325,-0.6546034243632701,beta
1203,2.1792369395140807,-1.0145954534197648,beta
1204,0.9852251003502933,0.7491770569345783,beta
1205,1.684400150800913,1.0251686665060677,beta
1206,2.0174046321235948,0.158839496606974,beta
1207,2.06239938190963,1.2945973307868297,beta
1208,0.3517683155934833,0.06072761541472637,beta
1209,0.053218666072352885,-0.41277220687377614,beta
1210,-0.3397274691287973,-0.30746750325187916,beta
1211,0.9720339800498533,0.8884318495227754,beta
1212,1.5194387003099719,1.0801398605740906,beta
1213,1.3910625509726597,1.6271070302315238,beta
1214,-0.20417823218827688,0.30929027066493736,beta
1215,1.1762231524647286,1.6617220602922527,beta
1216,2.167352384967923,0.3176838889161076,beta
1217,1.9835123545765845,-0.36357320548716016,beta
1218,2.4361623992362627,0.6951024681778205,beta
1219,2.1788620255729705,1.1719234109658467,beta
1220,3.069712702199883,0.05846965303220654,beta
1221,0.4164936569493279,0.4342254921743166,beta
1222,1.6309925436076445,0.4387132720535793,beta
1223,0.25906366881311627,2.3253355533772693,beta
1224,2.508538961243652,0.5304329938937841,beta
1225,2.0913583760402186,0.43859455945678444,beta
1226,1.8964374882686468,0.3197309357715836,beta
1227,1.7061217685555914,-0.5178087249900625,beta
1228,0.6851019403859309,1.4960212710274423,beta
1229,0.12882388635235384,-0.9097297905174271,beta
1230,1.3719891901871049,0.5222001346208799,beta
1231,-0.04779931881311151,1.8137805922268133,beta
1232,2.544635853324026,0.1345482876829459,beta
1233,1.034312430891399,0.20213753252577765,beta
1234,0.6737282643351044,0.6609863200347147,beta
1235,1.0328746176693964,0.13443138956969994,beta
1236,1.4249928926966786,0.49905170726971815,beta
1237,1.1138154183603914,-0.827879744046357,beta
1238,2.2126972331570918,0.07166725036087054,beta
1239,2.5313201353996932,1.14734223724697,beta
1240,-0.13145966001668372,1.6922163578863545,beta
1241,1.6319552032419957,-0.369299417168452,beta
1242,1.1630032796577383,-0.26313737010997934,beta
1243,-0.09413566644643125,1.8970604534711488,beta
1244,2.0279877710617873,-0.47811184697319686,beta
1245,-0.1385440865443632,1.3781054303666986,beta
1246,0.08468161501161359,0.8399037422752275,beta
1247,0.2657555331837122,1.8447848604419512,beta
1248,1.0005975984062738,1.490530099766992,alpha
1249,-0.412540585730226,1.440558010655321,alpha
1250,-0.0011665944515055085,1.8307627618691926,alpha
1251,0.5511712263145782,0.73896659599816,alpha
1252,0.7834773538633173,1.2920013566137485,alpha
1253,-0.02846594755135354,0.597188985875203,alpha
1254,0.8563602847652549,1.1394426906493496,alpha
1255,2.8037439861809728,-0.5631977632204725,alpha
1256,0.923924065796549,-0.07278165986082509,alpha
1257,1.7764358106224671,0.12585572829282474,alpha
1258,0.4495811688866335,1.788924391662027,alpha
1259,-0.3177314949402776,1.6004174737851509,alpha
1260,2.2549946693332106,-0.6385682379165558,alpha
1261,1.644132373322568,0.5861393949156145,alpha
1262,1.0759136720553524,1.573027071848815,alpha
1263,0.8530244326171558,1.866431749176475,alpha
1264,1.9223566829581182,-0.2635465844782726,alpha
1265,2.1993663622046165,0.1500819313283513,alpha
1266,0.9119687261041318,1.033276955248737,alpha
1267,2.946698013262901,1.0537930535527313,alpha
1268,2.1074919479437697,0.5850013421988779,alpha
1269,1.5728946289462882,-0.04084888197194722,alpha
1270,2.4427652555718016,-0.38551910246565063,alpha
1271,2.138328874884904,-1.2668125034480027,alpha
1272,1.6646862542515128,-0.19176258059290557,alpha
1273,1.4235057673270795,0.4457508169487731,alpha
1274,1.2899011792159008,0.10864893144511988,alpha
1275,0.39602080396263056,1.146662504403515,alpha
1276,1.058544337006321,1.5733153547625651,alpha
1277,1.0475113784758865,-0.49095547895383457,alpha
1278,1.9002349551384676,0.9936445463988353,alpha
1279,0.6117806690647868,1.2227671995554452,alpha
1280,2.183815734878514,-0.15020542485799193,alpha
1281,-1.2741073570696477,1.4519614866968371,alpha
1282,0.9197550116833632,0.7712588957007237,alpha
1283,3.5987410518804577,1.1798803598852006,alpha
1284,2.259774924742628,0.3463783475299385,alpha
1285,2.0706343552597297,0.5109619027957226,alpha
1286,2.187601994187739,0.23366100384902072,alpha
1287,1.1322676941475767,0.722145119686948,alpha
1288,0.8896658526174942,1.796625060777867,alpha
1289,1.1670444209563653,1.7864654079429394,alpha
1290,0.16609310961041385,2.020454764516409,alpha
1291,1.2515554906811084,0.7386400479743814,alpha
1292,1.054084923666099,1.412004090617244,alpha
1293,-0.020462062089238238,2.119785056734095,alpha
1294,0.5303072662118807,1.34093277022437,alpha
1295,0.5793876090509678,1.4910918139227531,alpha
1296,-0.21004773088678372,0.7099060949799715,alpha
1297,0.348994380266852,1.3298329523647934,alpha
1298,1.9152846973945576,0.02536777567482464,alpha
1299,0.7157885546631791,0.4747776704052434,alpha
1300,1.5616253361868933,-0.4830436882389719,alpha
1301,0.44360336501785114,2.0439843502008106,alpha
1302,-1.1088891199075075,2.0621593810714822,alpha
1303,1.3039067189202482,-0.20908773603132888,alpha
1304,1.7579959465008368,0.4990687489018202,alpha
1305,1.6318959931942818,1.880985569551806,alpha
1306,0.044372385838529343,1.681696467722135,alpha
1307,1.2447319157862438,-0.5022408889135526,alpha
1308,1.1239761369969286,-0.17133452597415547,alpha
1309,1.8886728309720235,0.41284885852118003,alpha
1310,0.628778440062031,2.08200944351904,alpha
1311,2.4341068792606317,0.968300978622341,alpha
1312,1.1388365148903534,-0.004004314636264254,alpha
1313,1.3472838545882546,-0.01375043171288654,alpha
1314,2.7555638198335934,-1.335931089854837,alpha
1315,1.0180202030283187,0.46157529534168684,alpha
1316,-0.013609567412563995,1.8124979041975828,alpha
1317,1.42308000049879,-0.04278931149234219,alpha
1318,-0.3324432219965427,2.2114672946317566,alpha
1319,0.698255522387269,0.37817401724451666,alpha
1320,0.7561029637310597,-0.07428208311720627,alpha
1321,0.7427347353001293,1.0810872240540115,alpha
1322,-0.6569465859990157,0.9984776828180703,alpha
1323,1.4182289665881387,0.29406252126497456,alpha
1324,-1.3537528240588173,2.4263221677622564,alpha
1325,0.6901235742401495,-0.011454739793240335,alpha
1326,2.5262429808794793,1.2418257949220526,alpha
1327,0.7367417371493714,0.6204780313598213,alpha
1328,0.528107334381852,0.8238792634212374,alpha
1329,1.0331884426881002,-0.5615551471303398,alpha
1330,0.9751239439384797,0.19542819852011967,alpha
1331,0.25055526718608895,1.7447914371725053,alpha
1332,0.49855519781539154,1.646214313172095,alpha
1333,1.1656520911034052,1.1920022312677536,alpha
1334,1.7903354823965276,1.2815207856554798,beta
1335,0.8591307343200786,1.3945951438499065,beta
1336,-0.020471818555654445,2.3406313273659403,beta
1337,-0.27103063127386967,1.1746438804229535,beta
1338,0.8494629189218735,1.0908900998481492,beta
1339,-0.23450377463453362,0.8352668881247849,beta
1340,0.8604412387998362,1.4708727190031146,beta
1341,0.061174052802111405,1.1098407758089104,beta
1342,0.1419066500836124,1.5612046952935041,beta
1343,0.6598952957682728,1.117817605887157,beta
1344,1.0239669780606386,1.5826409217351185,beta
1345,-1.6585287509482163,1.7010152300507013,beta
1346,-0.49553796964484775,-0.4581560372043743,beta
1347,0.6165606003986134,0.6880336165518547,beta
1348,0.48758115323396,1.19258592218708,beta
1349,-0.9692206585497439,1.3923524895554062,beta
1350,0.35900388094691027,0.9953216509517144,beta
1351,-1.0080648258128067,-0.2658155136132179,beta
1352,1.0312642396052425,1.686146179813462,beta
1353,1.6423401019852604,1.1713110337693762,beta
1354,1.6124270285235598,2.12180226703542,beta
1355,2.3728469923516258,0.18041286002265458,beta
1356,1.2573009441556584,1.0530933972559584,beta
1357,0.7199746074152436,1.9568439379575884,beta
1358,0.005880847378065904,1.0913292684106721,beta
1359,0.5821177633655957,0.45746529461665725,beta
1360,0.11946892531646891,0.49603376677353217,beta
1361,1.24750864333947,1.2990771563110395,beta
1362,0.8557892469756703,1.3767728013101108,beta
1363,-0.05484668250343147,0.4052549715294748,beta
1364,1.9320785093349113,0.30752905123861807,beta
1365,-0.3346832966675754,0.8049234698321409,beta
1366,-1.9921134827263056,1.5972810081757562,beta
1367,-0.9718187787303189,0.9987267634451528,beta
1368,0.27002449447195676,0.9552399153651573,beta
1369,-1.0190593496503453,2.2009873413362313,beta
1370,-1.606752226320474,-0.4586545009550598,beta
1371,0.01250998011391109,-0.2617564922741898,beta
1372,-0.7786516705452508,0.276429886729186,beta
1373,0.21528372839717894,2.0533870937449756,beta
1374,0.6755295893424255,1.0476980421103694,beta
1375,1.0920475673843595,1.9293582366598705,beta
1376,-1.1283096729302853,1.2119678261423747,alpha
1377,-0.2101438063245533,-1.5475503525638665,alpha
1378,-1.7401759944572965,1.4259335677247793,alpha
1379,2.681659779785399,0.46841663921204324,alpha
1380,-0.63590446109264,1.222616252749936,alpha
1381,1.1742770153298456,-0.05536011252888887,alpha
1382,-0.12830777164101423,-0.0391605349809107,alpha
1383,-1.1906957860353689,1.6962975751760057,alpha
1384,-0.8053669483357667,-0.4962744085171862,alpha
1385,-1.4585433735901339,0.9072331015347398,alpha
1386,0.24636447665676384,-0.6647514740558164,alpha
1387,-0.8500299249541868,-0.16818853062748138,alpha
1388,-1.1218891807944238,1.561596918644601,alpha
1389,-0.25368500189448784,0.7289044845471291,alpha
1390,-0.1819562419075913,1.7889183053695048,alpha
1391,-1.4373598688159588,0.1877270121905408,alpha
1392,-1.9525910599249825,1.120387996611306,alpha
1393,-0.6750687444183794,-1.0527006746221619,alpha
1394,-2.0899163235880773,0.957729116155298,alpha
1395,0.4159379901672072,-0.12709512755868604,alpha
1396,-1.0404609621722527,0.8011500908135236,alpha
1397,-0.007811312094440346,0.374521757936524,alpha
1398,0.23707298935764395,-0.4883038230490494,alpha
1399,-1.6183530520127203,0.9818697358680629,alpha
1400,-1.3887248700044903,-0.7253136753452648,alpha
1401,-1.8351007453592654,0.8785442561056346,alpha
1402,-0.7747483390089293,0.36293693849531544,alpha
1403,-1.1333309969764707,-0.26593683849505395,alpha
1404,-1.5519690640634147,0.05471453855012106,alpha
1405,-1.3268962056970213,0.6321702788588419,alpha
1406,-0.8193052350206391,1.806066532694272,alpha
1407,-0.5785040448486999,0.5034162191037178,alpha
1408,-2.1169936592247662,1.8737623191787875,beta
1409,0.4107098125946234,0.6875636321898365,beta
1410,-1.1007377990206846,1.244888236758027,beta
1411,-0.43763601623915743,1.2721884310749516,beta
1412,0.20047031066661605,0.43559238072261075,beta
1413,-1.5549358031975786,1.299215360230047,beta
1414,-0.46173445758124954,1.310651018676723,beta
1415,-0.7486035319358417,1.1897693870132315,beta
1416,-0.5907211476376366,-0.16260949837783983,beta
1417,-1.1857601376213416,0.625268503415561,beta
1418,-0.3954824390135656,1.3416374707647585,beta
1419,0.46844784836123854,0.5555878837730612,beta
1420,0.8191223719390902,-1.257325695584544,beta
1421,-1.3977772844192253,1.805853083139377,beta
1422,-0.8619388282168667,1.0723064191988754,beta
1423,-0.467435545548587,0.3074021234927687,beta
1424,-1.996742437745313,2.1735135552625904,beta
1425,-1.8001271831667949,0.8070665078586197,beta
1426,-1.0489842598372878,1.1658482501158187,beta
1427,-0.5491960754259303,0.6284121033326993,beta
1428,-0.7394284948311793,0.7292797237392267,beta
1429,-0.7886314188473335,0.2349848156833439,beta
1430,-2.6648362728309047,1.2266436783532404,beta
1431,-0.7098366154067581,0.4336296335993907,beta
1432,-0.46661205319266125,0.17484573179793567,beta
1433,-1.2980369439445365,2.037277982713628,beta
1434,-2.156870660297159,1.6529792852729965,beta
1435,-1.9932839244801386,0.7252420677655329,beta
1436,-2.2409475490936765,1.1260501353044483,beta
1437,0.9201545683139294,0.3296697861178778,beta
1438,-2.3159139804446593,1.9530188299095392,beta
1439,-0.19004803106027637,1.444184111534424,beta
1440,-1.9941658730137843,0.7951698245739568,beta
1441,-0.3833331649997381,1.0479021569299092,beta
1442,0.16908916909520572,0.4380704463071355,beta
1443,-1.6577515399670701,1.6697870556046635,beta
1444,-0.9210826698518697,0.9211806661503744,beta
1445,-0.7832714420771639,1.408253373167762,beta
1446,-0.7500737628636938,-0.2646193940398755,beta
1447,-1.6789587537023973,0.7810590755108021,beta
1448,-0.6304464831030586,1.3424069984082048,beta
1449,0.6521775665397856,0.174112631214373,beta
1450,1.0196167924894832,-1.187991271782202,beta
1451,-0.5937999857848506,1.7943135234426715,beta
1452,-0.09070247008214763,1.2389722419205007,beta
1453,1.0166159013029619,0.0193104171508872,beta
1454,-2.046095239028273,1.6235885687513396,beta
1455,-1.613891282501979,0.48926472363416906,beta
1456,-0.6736421789379168,1.370715343875963,beta
1457,0.2564187803234963,1.2871296290046013,beta
1458,-0.28013411858257803,1.0442643709401296,beta
1459,-0.43864508045657147,-0.1049638992105271,beta
1460,-2.2634068855268032,0.9442315291311962,beta
1461,0.572374028792624,0.20144618745798887,beta
1462,0.7512384309963102,0.1806492673237984,beta
1463,-1.2270623722801919,2.3748436752797537,beta
1464,-2.0060751290779844,1.7726357863690567,beta
1465,-1.6581365911403123,0.8857952823283874,beta
1466,-2.4927162543774917,1.1731452175087744,beta
1467,0.18369110988977336,1.1622888315303943,beta
1468,-1.9106009889057793,1.7115904016182455,alpha
1469,-1.978479219691595,1.2417975875656557,alpha
1470,-2.075845318107219,1.3842842315134405,alpha
1471,-1.626932084527483,1.1116388683808176,alpha
1472,-1.6230708294363743,1.4277497561773667,alpha
1473,-2.0886562773300774,1.1163486914321519,alpha
1474,-0.513666751212784,0.4893342664841476,alpha
1475,-1.8730687591707535,0.9805625360269656,alpha
1476,-1.9955768658488007,1.7850976053048928,alpha
1477,-1.2661982517035,1.4667155292474938,alpha
1478,-1.6514566951301377,1.8115373381622595,alpha
1479,-1.8894992782657,1.617053231679978,alpha
1480,-2.4286632551177885,0.5130509219793542,alpha
1481,-2.4886219041925353,1.7131535047122863,alpha
1482,-1.2010940661772653,0.6856947198678265,alpha
1483,-2.323539754045854,1.677824087086712,alpha
1484,-2.1186103738528317,1.1102031509319752,alpha
1485,-2.290316144159876,1.7271522309427148,alpha
1486,-1.2856368112100136,-0.1540016706374031,alpha
1487,-2.4058938962487355,1.2643875191433487,alpha
1488,-1.8613504632880846,1.6272192271014136,alpha
1489,-1.8366390748171997,1.4131083359545735,alpha
1490,-1.9398496388798272,-0.08705723845297836,alpha
1491,-2.518590924220001,1.5764979948044635,alpha
1492,-1.9516953422393466,1.6097476359042975,alpha
1493,-0.18739531698484474,-1.0631636134011822,alpha
1494,-1.8384858421466803,2.0923395444523964,alpha
1495,-2.0704609092224633,1.9381526982438886,alpha
1496,-1.7702831178495582,1.2393517388293696,alpha
1497,-2.1724983757811986,1.9303771702716503,alpha
1498,-1.7584047554090292,0.7766475666673461,alpha
1499,-1.5498790285126973,1.9567632174667275,alpha
1500,-2.18073821162502,1.2154529738602158,alpha
1501,-0.666763192387409,1.0453295555929603,alpha
1502,-1.904334819114894,1.1203064756956613,alpha
1503,-2.009949273324677,1.4534506157842082,alpha
1504,-1.030176197188476,1.277305230548061,alpha
1505,-1.6229769521840367,2.0248962722583417,alpha
1506,-1.3396223480364757,1.2284306689592015,alpha
1507,-2.313396868222829,0.8227550156053479,alpha
1508,-2.057444540733343,1.3093751236726447,alpha
1509,-1.1490205028596665,1.0902046926882765,alpha
1510,-2.3619194299397748,1.818135066062289,alpha
1511,-2.1327159666447715,1.5522939053041784,alpha
1512,-2.417576954746589,1.8876969550731064,alpha
1513,-0.6297286028491849,-0.40629122232279763,alpha
1514,-1.5969305763640718,1.2898869899574414,alpha
1515,-1.1331881355173095,0.6209390421079823,alpha
1516,-1.6676490399946777,1.7200738468623173,alpha
1517,-1.1177368370236416,0.6742965550885708,alpha
1518,-2.485325542676161,1.738293831728239,alpha
1519,-1.311482330593313,1.8665509582848963,alpha
1520,0.08274373547329202,-1.2515823400901926,alpha
1521,-1.7627043334322907,1.6832730447536806,alpha
1522,0.736201617889128,0.20130559486851218,beta
1523,1.9230121975692773,0.527251128591707,beta
1524,1.2259010407757558,1.1773842919373532,beta
1525,2.2453691346736315,1.2301311205652343,beta
1526,1.0739292466017816,0.13145226103722393,beta
1527,1.5984864392169889,-0.9381659914524356,beta
1528,3.2802492534775034,-1.2218627446998696,beta
1529,0.5443980529476331,1.924715864074315,beta
1530,2.2129804918271403,-0.954392962401158,beta
1531,2.5153090237070845,0.6616486892106176,beta
1532,1.569188946218707,-1.1553249876468195,beta
1533,0.1485388301802164,1.6688211830540973,beta
1534,0.7076825652528297,2.630897032520646,beta
1535,2.247888034515775,1.035292248451252,beta
1536,1.209079268461928,0.20539435032477035,beta
1537,-0.653505720514995,1.5265288724943116,beta
1538,1.4684267212586153,1.9249314355403955,beta
1539,1.1971467412019707,0.9442298744686313,beta
1540,2.1080053242050383,-0.535207657761512,beta
1541,0.5865517242257944,2.0555296579073286,beta
1542,1.7346936494145584,1.259085886292561,beta
1543,-0.17573594471391016,1.6438252599481211,beta
1544,-0.16398008776835382,1.5877772011613351,beta
1545,1.8328772464061407,0.9039076572400849,beta
1546,1.9912529323825046,-0.4648593655590665,beta
1547,0.45633539139424184,1.8300225062199473,beta
1548,1.6168809051037432,-1.0032428660645023,beta
1549,-0.8146048090387566,0.4508181522980812,beta
1550,0.15517786157125207,0.25235213795672934,beta
1551,1.7460854199174232,0.18945506472560258,beta
1552,0.95643491374585,0.06402269694252549,beta
1553,0.4016365625962781,1.2747918169072376,beta
1554,-0.5704901153754918,1.174978771730725,beta
1555,0.6969720196771871,1.977377593572608,beta
1556,-0.44722530309566805,-0.267637696568188,beta
1557,0.8228468844614608,0.9575941200082381,beta
1558,1.856252230001459,0.23395789244665646,beta
1559,0.2835826578307735,1.5355634003882324,beta
1560,2.282599726432418,-1.374868141426372,beta
1561,1.1982186531928083,0.592208599373825,beta
1562,1.1510486325181255,0.2379935645451087,beta
1563,1.2214152568726304,0.5880758860784131,beta
1564,1.3557895610901116,0.8304529461721818,beta
1565,1.2319481494901448,1.596320570270906,beta
1566,1.8410537550116854,-0.1021643241998939,beta
1567,1.2675611827860127,-1.0420344510503021,beta
1568,2.4947573673665806,-1.0583842329626256,beta
1569,1.5530758777782887,1.485553205672244,beta
1570,1.766599331821326,-1.0800392484118535,beta
1571,0.8634502554046776,0.3473641696963743,beta
1572,0.1969707811600413,-0.5432943027909729,beta
1573,-0.3430534132567223,2.0388813406532895,beta
1574,0.5273576014041483,2.387277117201479,beta
1575,2.6174443485086774,0.5171081020979812,beta
1576,2.332865444017808,1.2842329899600462,beta
1577,0.023398839582515846,1.7741129524533652,beta
1578,1.7119894856632123,1.6459944211777038,beta
1579,1.3482232174903863,0.9901264636557882,beta
1580,1.0272898996224245,-0.4844236210037354,beta
1581,2.499856403749523,0.6127510135110447,beta
1582,1.630576302950465,1.3498956936467519,beta
1583,-0.30270918555142046,1.8024596565453803,beta
1584,1.485342246889636,1.525659529334047,beta
1585,0.4412919176736468,1.0223470754236408,beta
1586,1.1547003816734973,-0.18538312871607776,beta
1587,0.5819160022031522,1.4255784221107048,beta
1588,0.8012182036249524,-0.45115174793127194,beta
1589,0.23147649470568846,-1.0580142336433291,beta
1590,-0.1401379208382997,0.3807694440758891,beta
1591,1.8481229144267348,-0.163547224882262,beta
1592,0.688575613549408,-0.19730046856613287,beta
1593,0.21069835210370097,0.9582956587877532,beta
1594,-1.0310759052082448,1.9203462041423691,beta
1595,0.5220829813248634,2.0121779007898017,beta
1596,0.3931947025013193,0.530934936962783,beta
1597,0.5892340480079847,1.0486885175471268,beta
1598,1.7885286750031462,0.11433146932730398,beta
1599,-0.11570774669555163,1.6425859432759342,beta
1600,2.2518852170443386,-1.4672727386737974,beta
1601,1.4438806129309762,0.27973818498024616,beta
1602,0.40664317320308957,-0.6194403448356867,alpha
1603,1.4845894876069619,-1.421901518311159,alpha
1604,-0.6710749652706008,0.7642425625776521,alpha
1605,0.664165529747491,0.04875349384662157,alpha
1606,0.42808772310641807,-0.5096193085773851,alpha
1607,-0.6555365780859455,-0.49399527016198175,alpha
1608,0.23916699089870963,-1.5397184511734856,alpha
1609,-0.06432047705728822,-0.7482461090329037,alpha
1610,0.45071910887542427,0.9146547249981191,alpha
1611,0.31960177607438905,-0.2669545591872685,alpha
1612,0.5940777932671732,0.0534201713485241,alpha
1613,-0.05177422950512548,0.6152341978624815,alpha
1614,-0.3863988857828935,1.5681221538869086,alpha
1615,0.2409215572516875,0.7879786152596666,alpha
1616,1.3865105729215381,-0.8976561809182293,alpha
1617,0.7750261452563001,-0.8665950254928202,alpha
1618,-0.7232050226421415,2.342735617175192,alpha
1619,-0.3333932356896662,-0.29888459472833995,alpha
1620,-0.6704340041953116,1.10819892962558,alpha
1621,-0.8975805354610423,1.1162301150870584,alpha
1622,-0.8869870507661121,0.30133944547071206,alpha
1623,-0.4046264786977092,-0.34826733740560717,alpha
1624,-0.8793515806222152,0.3833187698941341,alpha
1625,-0.01585539865907996,-0.6197170558632916,alpha
1626,1.0005528596530036,-1.2623967143248345,alpha
1627,-0.9516064424288415,0.45980585839093696,alpha
1628,0.5250610497180431,-0.28411284915251117,alpha
1629,0.45023447488607593,-0.8051012576332189,alpha
1630,-0.8725344716184975,-0.38533408023053645,alpha
1631,-0.3836068978335041,-1.1315541212834361,alpha
1632,0.2105129267745375,-0.3630433507601342,alpha
1633,0.13194009585081423,1.5148977717224807,alpha
1634,0.3678474731210631,0.3273035691212576,alpha
1635,0.48828435944848714,-0.41230254670129324,alpha
1636,-0.4237718899378948,0.9019906630599781,alpha
1637,-0.7687232894646874,1.6373413693048926,alpha
1638,0.33117387754353445,0.5806795768998594,alpha
1639,1.4636312553321893,-1.3108513807038589,alpha
1640,-0.005552968881617477,-0.35190523569588056,alpha
1641,-0.7585457031502656,2.340591188766174,alpha
1642,-0.576595889056363,-0.3835042711183079,alpha
1643,-0.9207094665638388,0.9065939708505605,alpha
1644,-1.0453744175979545,0.6124099813102309,alpha
1645,-0.9071160668607112,0.27785210545754546,alpha
1646,-0.388011971784534,-0.410778643598768,alpha
1647,-1.1056974146801724,0.19360268080225496,alpha
1648,2.37604125676675,-1.5005842136655203,beta
1649,2.6529911724209323,-1.8555094894265112,beta
1650,3.0240441420255464,-2.084855102491686,beta
1651,2.127484862544977,-1.757918900220991,beta
1652,0.9231299872065234,1.287767779319474,beta
1653,0.4308015578888768,-0.7458920774971184,beta
1654,1.286782033109404,0.24282907784336188,beta
1655,0.5299842681302247,2.507466077612079,beta
1656,1.7219555502444523,-0.992060235874244,beta
1657,2.4290681688841325,-1.524719676632966,beta
1658,0.1442539923408695,0.8005155095797134,beta
1659,1.8926872621980781,-0.5409118182053188,beta
1660,0.4865014181050042,-0.5778655817607378,beta
1661,0.5617327571342562,0.4585132017230442,beta
1662,1.5589684442784222,-2.004616336706446,beta
1663,0.6178743651181742,-0.8615387213380733,beta
1664,2.321789918496862,0.8810663245419675,beta
1665,0.5892570008783293,0.46448216991382074,beta
1666,1.8701032908556003,-0.3929798519997523,beta
1667,1.5197392266855878,-0.4264415553418977,beta
1668,1.9684325009821906,-1.4745186082388824,beta
1669,0.7097084759112645,-1.1739889951443796,beta
1670,2.2472456358183805,-1.7813845776592745,beta
1671,0.19883518023467642,-0.5208466882636467,beta
1672,1.651229195636552,-1.0606584680883724,beta
1673,2.975372418637009,-0.4821028494685667,beta
1674,1.3753395527902226,-0.06678115748276667,beta
1675,0.3771436634688897,-0.0607398632443356,beta
1676,1.4219466197790291,-0.7649318569845591,beta
1677,2.1549397994348514,0.5691172667924849,beta
1678,2.966520119192344,0.6291648764909117,beta
1679,1.303660094329753,-0.2814254066642046,beta
1680,1.7822741443247019,-1.5519615155704567,beta
1681,2.2592253907922424,-0.7521042472029511,beta
1682,1.2253734636665143,-0.35958031236825105,beta
1683,1.1535242663415675,-1.165078747474577,beta
1684,0.25161092350791514,-0.467738785987513,beta
1685,1.499473755447581,-0.6820291991484806,beta
1686,0.2327412253548299,-0.04209571478456689,beta
1687,1.1150492389339757,-1.2464222987611167,beta
1688,3.0282416751450834,-1.2350539399885205,beta
1689,1.0319991473578205,-1.4952546879434263,beta
1690,1.1414477003147807,-0.5847433704500127,beta
1691,0.6478457154427331,-1.3099247243678829,beta
1692,1.9344587392777746,-0.9425279645488805,beta
1693,3.2312120375328885,-1.2943774223983886,beta
1694,2.75014014145076,-1.8937021396778935,beta
1695,2.233644397796246,-0.8929701514575282,beta
1696,1.0846139240442987,1.5560349185620002,beta
1697,0.6227834834885009,-0.28861672273059713,beta
1698,0.2617434934573944,-0.7973885669124512,beta
1699,-0.04397387345143152,1.8507105613061636,beta
1700,0.7461160344469713,-0.31908533018809226,beta
1701,2.1274162560914935,-1.0983930122132568,beta
1702,0.3675256503890038,1.112030376395656,beta
1703,1.4737765904781857,-0.3405645585242989,beta
1704,0.22696151181667187,0.10962757671881168,beta
1705,0.5788755097903285,0.5890042520772532,beta
1706,2.955001053474452,-2.1314807152298627,beta
1707,2.085685493736535,-1.010690950209177,beta
1708,2.6647215483102076,0.40609362223448797,beta
1709,2.2569086078916976,0.12709745879186213,beta
1710,1.5008050069407706,0.10522047324460165,beta
1711,1.8586172620524684,0.4989977794542303,beta
1712,2.7998950323607645,-0.9630859797659221,beta
1713,1.863854869118938,-0.2674821867765634,beta
1714,2.1439428027673206,-0.6865649799173725,beta
1715,0.4072962520355585,-0.6498890096774,beta
1716,1.5923860756489383,-0.4541389644470634,beta
1717,2.1266563872861157,-0.5324282191128367,beta
1718,2.3773296666547306,-0.3126371963656821,beta
1719,0.3316560154653331,-0.24375940384189262,beta
1720,1.1967869739755088,-0.12687804077433884,beta
1721,1.814794071827844,0.9423120351869355,beta
1722,2.339803025313913,0.9615263593936197,beta
1723,1.7727949516563042,0.09359317280548567,beta
1724,3.19766156065938,-1.3796990614830718,beta
1725,1.7712439051355462,-0.2094713769977297,beta
1726,3.084110943704536,-0.49109017329440396,beta
1727,2.1930437987282305,-0.8022193398283044,beta
1728,0.678761490804505,-0.3914832030012839,beta
1729,1.2476676309387589,-1.0235807947226212,beta
1730,0.01820336277452804,0.2773815880839865,beta
1731,1.1413383332539357,-1.1490915921568812,beta
1732,2.833109614302277,-1.0260233697005272,beta
1733,0.9528398398677094,-0.87147246990852,beta
1734,1.0698330989526141,0.5472144791500319,beta
1735,0.5435140691600548,-1.2555940731841222,beta
1736,0.11334559992489425,-0.003252577289127277,alpha
1737,2.666577753548524,-1.4704269912009162,alpha
1738,2.1066523511923223,-1.0719026751144272,alpha
1739,0.8954343602433068,-0.5340377168072302,alpha
1740,0.4909734014259926,0.19909327710865365,alpha
1741,2.329035988954742,-1.2247141102783157,alpha
1742,1.8849729757779783,-0.9536687132665295,alpha
1743,0.0773596765201154,0.037838511108725895,alpha
1744,2.6188578649040504,-1.3822713667203022,beta
1745,0.7339997649446068,-1.203802531988747,beta
1746,0.5781871195898289,1.1968120573392829,beta
1747,2.4819459778127158,-1.1436223842205473,beta
1748,1.5039854111462028,-1.2586823971514112,beta
1749,1.5141713472377953,-2.006292029298018,beta
1750,1.7485175467887024,-0.021513044260766605,beta
1751,0.8140031435996291,-0.020397190133827927,beta
1752,0.5868673213596745,0.5971354505020656,beta
1753,0.5123572666150809,-0.6791196345826526,beta
1754,1.6329261781083926,-1.4743411117824572,beta
1755,0.8498023698686474,-1.8526121031170124,beta
1756,1.854586781988947,-1.5773955648648108,beta
1757,2.4328759369573105,-0.17629853011462962,beta
1758,-0.16647275954515353,1.2892257896573918,beta
1759,2.260964477863319,-1.5316078453690647,beta
1760,2.147176718533794,-1.6861287950629993,beta
1761,2.246177737606473,0.06042828471430355,beta
1762,0.9315999538572644,-0.33117897600293555,beta
1763,1.8239727677059967,-0.06160542117375866,beta
1764,1.881213057896853,-1.732624231379282,beta
1765,1.9911573719906186,-0.9304690800076667,beta
1766,1.296472222631893,0.05279023901620313,beta
1767,1.3766523655774625,-0.7651639622195743,beta
1768,1.4649131450594621,-1.3329025897437579,beta
1769,2.0873263767336927,-1.1253735457731115,beta
1770,1.4963923421787557,0.9693473719860083,beta
1771,1.0262549262529317,-1.3878325853954048,beta
1772,0.7236011316293189,-1.4666536009248927,beta
1773,0.8247496919223991,-1.2841790908836366,beta
1774,1.83449910923216,-1.8706257059883955,beta
1775,-0.221903599003444,-1.8520639863398116,beta
1776,0.2974369082238545,2.153917732161662,beta
1777,2.3882683632731734,-1.123407226988293,beta
1778,0.6707619667079314,0.9623214462373405,beta
1779,2.6059494772374525,-0.9513717558389788,beta
1780,0.87593041700617,-0.8773317116096964,beta
1781,-0.3728798198337784,-0.3625134613940891,beta
1782,1.8982206138573068,-0.722635275888553,beta
1783,1.2798671431919968,-1.4800748857623423,beta
1784,1.497814121060692,-0.40877343629583973,beta
1785,1.6614658444136192,0.21943734308741789,beta
1786,2.1583631803393653,-1.3140453275970079,beta
1787,1.769841794524593,-0.7649096938838897,beta
1788,3.1100289697405405,-1.488773944202072,beta
1789,1.4817596250990301,-0.7156605192334102,beta
1790,1.750228086763877,-1.3391760721762695,beta
1791,1.6052998296285743,-2.047397133341276,beta
1792,0.3362074044547135,0.9518079921779137,beta
1793,2.3119789416218874,-1.0611324993366746,beta
1794,1.2301869496535276,-0.7073128671961518,beta
1795,1.9373410958690305,1.1171891553110596,beta
1796,1.4403412789964722,-0.7179062060183574,beta
1797,1.675400064075738,-0.747798539881968,beta
1798,1.5442019781590095,-1.1534183306531836,beta
1799,1.2475982730589692,0.17486442440860003,beta
1800,0.6965189747705066,1.0089365315502585,beta
1801,1.3269240536181433,0.266863313850495,beta
1802,0.568661858207718,-0.2886484842813506,beta
1803,1.7149963420980536,-1.6014160510217268,beta
1804,1.379178456794458,-0.8496454922750478,beta
1805,2.2168822651384175,-1.3376355840346814,beta
1806,1.6687650739381146,0.47155118826534503,beta
1807,0.12291771681569727,1.9232524474943429,beta
1808,1.6837524062494076,-0.9661567212774096,beta
1809,3.0831977480303547,-1.2893968873982058,beta
1810,2.5939420859093696,-0.6037512575172527,beta
1811,0.8672879806648909,0.46414598074645846,beta
1812,2.4560112329119415,-0.5634114847381757,beta
1813,2.2775806894914115,-1.6911768848481141,beta
1814,1.366366175950727,0.05353260489648651,beta
1815,1.0798757446481837,0.27224797157730707,beta
1816,0.9039227174911345,0.005932667321283946,beta
1817,1.0717221048910885,-0.8927932586396363,beta
1818,1.7621588628692955,-1.0623914305364552,beta
1819,0.44844492604705277,1.9122464229299327,beta
1820,3.602614858006473,-1.4164882641420387,beta
1821,0.2919514687583218,-1.0886044690016052,beta
1822,0.6418234752785437,-1.4374527326018707,beta
1823,2.31140798514978,-1.3092467840356792,beta
1824,-0.07400441769916949,-1.2081523155054932,beta
1825,0.24116101767247836,0.843657817766648,beta
1826,1.806774004624078,-0.8789342749667032,beta
1827,0.8406040412614637,1.6774355609342608,beta
1828,1.9287152446331313,-0.8993699733233921,beta
1829,1.2278013560076633,-0.48960703849589976,beta
1830,-0.42981539840587335,-0.5265539236525331,beta
1831,2.312835884450517,-0.3006980982261655,beta
1832,1.4571805051534514,-1.1410369406327943,beta
1833,2.327940455285581,-1.0154137798660505,beta
1834,1.0936398110727594,0.8179977045397144,beta
1835,1.8727268652356772,-0.7485025227937461,beta
1836,1.6303837548320332,-0.37203470987478726,beta
1837,2.9818500349324437,-0.6785041436325705,beta
1838,2.3804604593882503,-0.5641180137608737,beta
1839,1.6495301423350743,-0.4762794024584106,beta
1840,1.8901877139812409,-1.1645295170929408,beta
1841,0.38857133987899717,1.5855808044622255,beta
1842,0.8377233724845994,-1.1332764008772247,alpha
1843,0.7053420025388883,-0.9512759541011311,alpha
1844,0.6816840940893519,1.2435417835760256,alpha
1845,0.20763775025154094,-1.5903817005835355,alpha
1846,-0.640100456264905,0.9748997388329123,alpha
1847,0.6222459595337501,-1.5143915042175808,alpha
1848,1.0192447150258013,-0.7134578569369201,alpha
1849,2.203021050797746,-1.519528300635071,alpha
1850,0.07810668589855381,-0.7006300209716151,alpha
1851,2.493803757822813,-0.8240831970373935,alpha
1852,0.8255597763049661,-0.7916045555866562,alpha
1853,0.2257480066409673,-1.0828437429381677,alpha
1854,0.9854319412437235,0.2955794354883302,alpha
1855,0.008029535474881968,-1.4347523837569114,alpha
1856,-0.5521160942117272,0.830216362180649,alpha
1857,0.6306033124849667,-0.34359915459398943,alpha
1858,0.12032279362812161,-0.34762838606370633,alpha
1859,3.1045258641362707,-1.7595662832926633,alpha
1860,-0.10336400389396934,-1.1605520681903143,alpha
1861,3.115257106399745,-1.2325908014011009,alpha
1862,-0.18109872296061383,0.3627952623336915,beta
1863,0.7440642283686812,-1.4881005459039027,beta
1864,1.4150644652489166,-0.7931822536002838,beta
1865,0.4451275044608239,-0.9596891694342495,beta
1866,1.6716033938316999,-1.404558710466248,beta
1867,0.9372461465199203,-1.020746267631906,beta
1868,0.8759377271114949,-0.7239099840570405,beta
1869,1.0184669719164454,-2.0033961148150863,beta
1870,2.1552807594972574,-0.8082725134156141,beta
1871,2.2344057392517667,-0.5134644221139191,beta
1872,1.5247554941270145,-1.492903048474524,beta
1873,0.5761012945769645,-0.8786644696932241,beta
1874,2.7956660643471887,-1.8875309100949367,beta
1875,-0.010870216899326306,1.1163211854780983,beta
1876,1.3041712617224968,-1.1347019240979281,beta
1877,1.0197517629512391,-0.7166359681488959,beta
1878,0.17127034101949265,-0.2671720365316259,beta
1879,0.5645507315350105,-0.8526638136261114,beta
1880,1.4135701531191978,-1.5806964207707697,beta
1881,1.547615421665745,-0.4630851875034621,beta
1882,1.9176350830947393,-1.787150834872612,beta
1883,-0.05489927191469558,-0.9379452036185417,beta
1884,0.05957849428718526,-0.6484392973352068,beta
1885,0.11238844426757483,-0.7893277193362704,beta
1886,0.35302427182610924,-0.34667992921838997,beta
1887,-0.1166871048401709,-1.5058511189737307,beta
1888,1.4687261946742807,-1.7218058343551836,beta
1889,0.6327239265463175,0.3517297346910632,beta
1890,0.40474286595733494,-1.6366002647108553,beta
1891,1.3860259419004755,-0.7320110478859132,beta
1892,1.8335742206765526,-0.6690806863431011,beta
1893,1.644896605382708,-1.4740958427709832,beta
1894,1.1676413009261313,-1.036038494633229,beta
1895,1.002195905186449,0.1195895655122554,beta
1896,1.1566874533253253,-1.129260892605824,beta
1897,2.8378225045497927,-1.192110817144133,beta
1898,2.0471722267421355,-0.4362445836041749,beta
1899,1.342829493764802,-0.63275405011139,beta
1900,0.4969231212806467,-0.8762948218628507,beta
1901,3.185739590344983,-1.470109650559476,beta
1902,-0.69037613002223,1.191639808457973,beta
1903,2.828830229712032,-1.2977912712757662,beta
1904,1.0153890995337471,0.3475904235101041,beta
1905,-0.14459209867144007,-0.3460086246419473,beta
1906,0.4938300521225027,-0.7841196219961116,beta
1907,0.7891320052650146,-1.294368064914198,beta
1908,1.6298893557185643,0.44891492583387993,beta
1909,1.6662305638728825,-1.2629766119927401,beta
1910,-0.18817980062753542,-0.6438509484029948,beta
1911,-0.14745741574003257,-0.5315083938103426,beta
1912,0.09541139705387665,-0.717415136773908,beta
1913,0.36926936765196083,-0.25652716945638654,beta
1914,-0.024641041047944706,-1.500945269606565,beta
1915,1.5590930887841854,-1.6602466243592577,beta
1916,1.507371698189493,-0.745066638092481,alpha
1917,0.6801418580613051,-1.1376631278391556,alpha
1918,1.832899863991329,-0.5285282183982105,alpha
1919,-0.9211655792447662,-0.3796368422238327,alpha
1920,-0.9010528370442399,-1.303050828843027,alpha
1921,-0.7336784631969668,-0.5436196733582904,alpha
1922,-0.500290365709917,-0.9075941053393941,alpha
1923,-0.7948802175615578,-0.6518925309649862,alpha
1924,2.0179544941337766,-1.1110235255666596,alpha
1925,0.8291572394626956,-1.0325704490327647,alpha
1926,2.144122417799843,-0.6387479855256801,alpha
1927,-0.8824359759591943,-0.9001894137171669,alpha
1928,-0.5842231162007588,-1.237859125938962,alpha
1929,-0.798251732412903,-0.829646106675322,alpha
1930,-0.6245131866014804,-0.585354118772675,alpha
1931,-0.7476862652455027,-0.854320921991157,alpha
